"codigoUo","nombreCentroSalud","institucionSistema","provinciaCodigoLocalizacion","provincia","cantonCodigoLocalizacion","canton","parroquiaCodigoLocalizacion","parroquia","sector","areaNumero"
"001356","10 DE AGOSTO","","13","MANABI","1317","PEDERNALES","131752","DIEZ DE AGOSTO","RURAL","ZONA 4"
"001559","10 DE AGOSTO","","16","PASTAZA","1601","PASTAZA","160154","DIEZ DE AGOSTO","RURAL","ZONA 3"
"001220","10 DE NOVIEMBRE","","12","LOS RIOS","1207","VENTANAS","120701","10 DE NOVIEMBRE","URBANO","ZONA 5"
"000338","11 DE NOVIEMBRE","","05","COTOPAXI","0501","LATACUNGA","050157","11 DE NOVIEMBRE (ILINCHISI)","RURAL","ZONA 3"
"000798","12 DE OCTUBRE","","09","GUAYAS","0901","GUAYAQUIL","090112","TARQUI","URBANO","ZONA 8"
"001305","15 DE ABRIL","","13","MANABI","1308","MANTA","130805","ELOY ALFARO","URBANO","ZONA 4"
"002795","15 DE SEPTIEMBRE","","23","SANTO DOMINGO DE LOS TSACHILAS","2301","SANTO DOMINGO","230101","ABRAHAM CALAZACON","URBANO","ZONA 4"
"000500","18 DE OCTUBRE","","07","EL ORO","0701","MACHALA","070150","MACHALA (RURAL)","RURAL","ZONA 7"
"002907","20 DE FEBRERO","","12","LOS RIOS","1205","QUEVEDO","120509","VENUS DEL RIO QUEVEDO","URBANO","ZONA 5"
"001306","20 DE MAYO","","13","MANABI","1308","MANTA","130804","TARQUI","URBANO","ZONA 4"
"000859","22 DE NOVIEMBRE","","09","GUAYAS","0910","MILAGRO","091004","CORONEL ENRIQUE VALDEZ","URBANO","ZONA 5"
"001302","24 DE MAYO","","13","MANABI","1308","MANTA","130804","TARQUI","URBANO","ZONA 4"
"001176","24 DE MAYO","","12","LOS RIOS","1203","MONTALVO","120350","MONTALVO","RURAL","ZONA 5"
"001442","24 DE MAYO ( HUAMBOYA )","","14","MORONA SANTIAGO","1407","HUAMBOYA","140750","HUAMBOYA","RURAL","ZONA 6"
"002034","24 DE MAYO (DAHUANO)","","22","ORELLANA","2204","LORETO","220454","SAN JOSE DE DAHUANO","RURAL","ZONA 2"
"000799","24 DE OCTUBRE","","09","GUAYAS","0901","GUAYAQUIL","090112","TARQUI","URBANO","ZONA 8"
"000742","25 DE ENERO","","09","GUAYAS","0901","GUAYAQUIL","090114","XIMENA","URBANO","ZONA 8"
"001036","27 DE ABRIL (LA NARANJA)","","11","LOJA","1106","ESPINDOLA","110654","27 DE ABRIL (CAB. EN LA NARANJA)","RURAL","ZONA 7"
"001439","27 DE FEBRERO","","14","MORONA SANTIAGO","1401","MORONA","140150","MACAS","RURAL","ZONA 6"
"001927","28 DE MAYO (YACUAMBI)","","19","ZAMORA CHINCHIPE","1904","YACUAMBI","190450","28 DE MAYO (SAN JOSE DE YACUAMBI)","RURAL","ZONA 7"
"000797","29 DE ABRIL","","09","GUAYAS","0901","GUAYAQUIL","090112","TARQUI","URBANO","ZONA 8"
"000540","29 DE NOVIEMBRE","","07","EL ORO","0712","SANTA ROSA","071201","SANTA ROSA (URBANO)","URBANO","ZONA 7"
"001164","4 DE MAYO","","12","LOS RIOS","1201","BABAHOYO","120101","CLEMENTE BAQUERIZO","URBANO","ZONA 5"
"001672","6 DE JULIO","","17","PICHINCHA","1701","DISTRITO METROPOLITANO DE QUITO","170129","SAN ISIDRO DEL INCA","URBANO","ZONA 9"
"001181","7 DE OCTUBRE","","12","LOS RIOS","1205","QUEVEDO","120507","7 DE OCTUBRE","URBANO","ZONA 5"
"000796","9 DE ENERO","","09","GUAYAS","0901","GUAYAQUIL","090112","TARQUI","URBANO","ZONA 8"
"000567","ABANIN","","07","EL ORO","0713","ZARUMA","071351","ABAÑIN","RURAL","ZONA 7"
"000721","ABDON CALDERON","","01","AZUAY","0101","CUENCA","010153","CHAUCHA","RURAL","ZONA 6"
"000076","ABDON CALDERON (LA UNION)","","01","AZUAY","0108","SANTA ISABEL","010851","ABDON CALDERON (LA UNION)","RURAL","ZONA 6"
"000844","ABEL GILBERT PONTON","","09","GUAYAS","0907","DURAN","090703","DIVINO NIÑO","URBANO","ZONA 8"
"000997","AGATO","","10","IMBABURA","1004","OTAVALO","100451","DOCTOR MIGUEL EGAS CABEZAS (PEGUCHE)","RURAL","ZONA 1"
"001268","AGUA FRIA","","13","MANABI","1307","JUNIN","130750","JUNIN","RURAL","ZONA 4"
"001110","AGUANGORA","","11","LOJA","1101","LOJA","110160","TAQUIL (MIGUEL RIOFRIO)","RURAL","ZONA 7"
"000041","AGUAS CALIENTES","","09","GUAYAS","0911","NARANJAL","091151","JESUS MARIA","RURAL","ZONA 5"
"001224","AGUAS FRIAS DE MEDELLIN","","12","LOS RIOS","1207","VENTANAS","120752","ZAPOTAL","RURAL","ZONA 5"
"000174","AGUILAN","","03","CAÑAR","0301","AZOGUES","030153","GUAPAN","RURAL","ZONA 6"
"001534","AHUANO","","15","NAPO","1501","TENA","150151","AHUANO","RURAL","ZONA 2"
"001652","AIDA LEON","","17","PICHINCHA","1701","DISTRITO METROPOLITANO DE QUITO","170116","LA ARGELIA","URBANO","ZONA 9"
"001770","ALANGASI","","17","PICHINCHA","1701","DISTRITO METROPOLITANO DE QUITO","170151","ALANGASI","RURAL","ZONA 9"
"000352","ALAQUEZ","","05","COTOPAXI","0501","LATACUNGA","050151","ALAQUEZ (ALAQUES)","RURAL","ZONA 3"
"001325","ALBAJACAL","","13","MANABI","1306","JIPIJAPA","130652","EL ANEGADO (CAB. EN ELOY ALFARO)","RURAL","ZONA 4"
"001373","ALHAJUELA","","13","MANABI","1301","PORTOVIEJO","130152","ALHAJUELA (BAJO GRANDE)","RURAL","ZONA 4"
"002740","ALIANZA","","23","SANTO DOMINGO DE LOS TSACHILAS","2302","LA CONCORDIA","230250","LA CONCORDIA","RURAL","ZONA 4"
"001722","ALOAG","","17","PICHINCHA","1703","MEJIA","170351","ALOAG","RURAL","ZONA 2"
"001723","ALOASI","","17","PICHINCHA","1703","MEJIA","170352","ALOASI","RURAL","ZONA 2"
"001832","ALOBAMBA","","18","TUNGURAHUA","1809","TISALEO","180950","TISALEO","RURAL","ZONA 3"
"000957","ALPACHACA","","10","IMBABURA","1001","IBARRA","100102","GUAYAQUIL DE ALPACHACA","URBANO","ZONA 1"
"000674","ALTO TAMBO","","08","ESMERALDAS","0805","SAN LORENZO","080551","ALTO TAMBO (CAB EN GUADUAL)","RURAL","ZONA 1"
"000056","AMALUZA","","01","AZUAY","0113","SEVILLA DE ORO","011351","AMALUZA","RURAL","ZONA 6"
"000504","AMAZONAS","","07","EL ORO","0701","MACHALA","070150","MACHALA (RURAL)","RURAL","ZONA 7"
"001865","AMBATILLO","","18","TUNGURAHUA","1801","AMBATO","180151","AMBATILLO","RURAL","ZONA 3"
"000958","AMBUQUI","","10","IMBABURA","1001","IBARRA","100151","AMBUQUI","RURAL","ZONA 1"
"001326","AMERICA","","13","MANABI","1306","JIPIJAPA","130651","AMERICA","RURAL","ZONA 4"
"000681","ANCHAYACU","","08","ESMERALDAS","0802","ELOY ALFARO","080251","ANCHAYACU","RURAL","ZONA 1"
"000334","ANCHILIVI","","05","COTOPAXI","0505","SALCEDO","050550","SAN MIGUEL","RURAL","ZONA 3"
"002086","ANCONCITO","","24","SANTA ELENA","2403","SALINAS","240351","ANCONCITO","RURAL","ZONA 5"
"000982","ANDRADE MARIN","","10","IMBABURA","1002","ANTONIO ANTE","100201","ANDRADE MARIN (LOURDES)","URBANO","ZONA 1"
"000339","ANGAMARCA","","05","COTOPAXI","0504","PUJILI","050451","ANGAMARCA","RURAL","ZONA 3"
"000329","ANTONIO JOSE HOLGUIN","","05","COTOPAXI","0505","SALCEDO","050551","ANTONIO JOSE HOLGUIN (SANTA LUCIA)","RURAL","ZONA 3"
"001203","ANTONIO SOTOMAYOR","","12","LOS RIOS","1208","VINCES","120851","ANTONIO SOTOMAYOR (CAB. EN PLAYAS DE VINCES)","RURAL","ZONA 5"
"000989","APUELA","","10","IMBABURA","1003","COTACACHI","100351","APUELA","RURAL","ZONA 1"
"001567","ARAJUNO","","16","PASTAZA","1604","ARAJUNO","160450","ARAJUNO","RURAL","ZONA 3"
"001707","ASCAZUBI","","17","PICHINCHA","1702","CAYAMBE","170251","ASCAZUBI","RURAL","ZONA 2"
"001738","ASISTENCIA SOCIAL","","17","PICHINCHA","1701","DISTRITO METROPOLITANO DE QUITO","170126","QUITUMBE","URBANO","ZONA 9"
"000134","ASUNCION","","02","BOLIVAR","0203","CHIMBO","020351","ASUNCION (ASANCOTO)","RURAL","ZONA 5"
"000073","ASUNCION","","01","AZUAY","0102","GIRON","010251","LA ASUNCION","RURAL","ZONA 6"
"001871","ATAHUALPA","","18","TUNGURAHUA","1801","AMBATO","180152","ATAHUALPA (CHISALATA)","RURAL","ZONA 3"
"002099","ATAHUALPA","","24","SANTA ELENA","2401","SANTA ELENA","240151","ATAHUALPA","RURAL","ZONA 5"
"001353","ATAHUALPA","","13","MANABI","1317","PEDERNALES","131753","ATAHUALPA","RURAL","ZONA 4"
"001639","ATAHUALPA","","17","PICHINCHA","1701","DISTRITO METROPOLITANO DE QUITO","170121","LA MAGDALENA","URBANO","ZONA 9"
"002122","ATUCUCHO","","17","PICHINCHA","1701","DISTRITO METROPOLITANO DE QUITO","170104","COCHAPAMBA","URBANO","ZONA 9"
"001866","AUGUSTO  N. MARTINEZ","","18","TUNGURAHUA","1801","AMBATO","180153","AUGUSTO N. MARTINEZ (MUNDUGLEO)","RURAL","ZONA 3"
"001387","AYACUCHO","","13","MANABI","1313","SANTA ANA","131351","AYACUCHO","RURAL","ZONA 4"
"002103","AYANGUE","","24","SANTA ELENA","2401","SANTA ELENA","240152","COLONCHE","RURAL","ZONA 5"
"000576","AYAPAMBA","","07","EL ORO","0703","ATAHUALPA","070351","AYAPAMBA","RURAL","ZONA 7"
"001692","AYORA","","17","PICHINCHA","1702","CAYAMBE","170256","SAN JOSE DE AYORA","RURAL","ZONA 2"
"002026","AÑANGU","","22","ORELLANA","2201","ORELLANA","220153","ALEJANDRO LABAKA","RURAL","ZONA 2"
"001408","BACHILLERO","","13","MANABI","1315","TOSAGUA","131551","BACHILLERO","RURAL","ZONA 4"
"002893","BAEZA","","15","NAPO","1507","QUIJOS","150750","BAEZA","RURAL","ZONA 2"
"001204","BAGATELA","","12","LOS RIOS","1208","VINCES","120851","ANTONIO SOTOMAYOR (CAB. EN PLAYAS DE VINCES)","RURAL","ZONA 5"
"001249","BAHIA","","13","MANABI","1314","SUCRE","131401","BAHIA DE CARAQUEZ (URBANO)","URBANO","ZONA 4"
"002916","BAJADA DE CHANDUY","","24","SANTA ELENA","2401","SANTA ELENA","240153","CHANDUY","RURAL","ZONA 5"
"000510","BAJO ALTO","","07","EL ORO","0706","EL GUABO","070653","TENDALES (CAB. EN PUERTO TENDALES)","RURAL","ZONA 7"
"001315","BAJO DE LA PALMA","","13","MANABI","1309","MONTECRISTI","130950","MONTECRISTI (RURAL)","RURAL","ZONA 4"
"002030","BAJO HUINO","","22","ORELLANA","2204","LORETO","220452","PUERTO MURIALDO","RURAL","ZONA 2"
"002913","BALLENITA","","24","SANTA ELENA","2401","SANTA ELENA","240101","BALLENITA","URBANO","ZONA 5"
"000131","BALSAPAMBA","","02","BOLIVAR","0205","SAN MIGUEL","020551","BALSAPAMBA","RURAL","ZONA 5"
"000565","BALSAS","","07","EL ORO","0704","BALSAS","070450","BALSAS","RURAL","ZONA 7"
"001201","BALZAR DE VINCES","","12","LOS RIOS","1208","VINCES","120801","BALZAR DE VINCES","URBANO","ZONA 5"
"002090","BAMBIL DESECHO","","24","SANTA ELENA","2401","SANTA ELENA","240152","COLONCHE","RURAL","ZONA 5"
"000505","BARBONES","","07","EL ORO","0706","EL GUABO","070651","BARBONES (SUCRE)","RURAL","ZONA 7"
"000869","BARRAGANETAL","","09","GUAYAS","0912","NARANJITO","091250","NARANJITO","RURAL","ZONA 5"
"001404","BARRAGANETE","","13","MANABI","1311","PICHINCHA","131151","BARRAGANETE","RURAL","ZONA 4"
"001166","BARREIRO","","12","LOS RIOS","1201","BABAHOYO","120103","BARREIRO","URBANO","ZONA 5"
"000020","BARRIAL BLANCO","","01","AZUAY","0101","CUENCA","010105","EL VECINO","URBANO","ZONA 6"
"000166","BAYAS","","03","CAÑAR","0301","AZOGUES","030102","AZOGUES","URBANO","ZONA 6"
"000451","BAYUSHIG","","06","CHIMBORAZO","0609","PENIPE","060954","SAN ANTONIO DE BAYUSHIG","RURAL","ZONA 3"
"002975","BAÑOS","","01","AZUAY","0101","CUENCA","010151","BAÑOS","RURAL","ZONA 6"
"001092","BELEN","","11","LOJA","1101","LOJA","110103","SUCRE","URBANO","ZONA 7"
"000351","BELISARIO QUEVEDO","","05","COTOPAXI","0501","LATACUNGA","050152","BELISARIO QUEVEDO (GUANAILIN)","RURAL","ZONA 3"
"000096","BELLA RICA","","01","AZUAY","0115","CAMILO PONCE ENRIQUEZ","011550","CAMILO PONCE ENRIQUEZ","RURAL","ZONA 6"
"000526","BELLAMARIA","","07","EL ORO","0712","SANTA ROSA","071257","BELLAMARIA","RURAL","ZONA 7"
"000528","BELLAVISTA","","07","EL ORO","0712","SANTA ROSA","071251","BELLAVISTA","RURAL","ZONA 7"
"000378","BELLAVISTA","","06","CHIMBORAZO","0601","RIOBAMBA","060102","MALDONADO","URBANO","ZONA 3"
"001393","BELLAVISTA","","13","MANABI","1316","24 DE MAYO","131651","BELLAVISTA","RURAL","ZONA 4"
"001038","BELLAVISTA","","11","LOJA","1106","ESPINDOLA","110651","BELLAVISTA","RURAL","ZONA 7"
"001555","BELLAVISTA","","16","PASTAZA","1601","PASTAZA","160150","PUYO","RURAL","ZONA 3"
"002886","BELLAVISTA","","20","GALAPAGOS","2003","SANTA CRUZ","200353","BELLA VISTA","RURAL","ZONA 5"
"001683","BELLAVISTA SANTA ANITA","","17","PICHINCHA","1701","DISTRITO METROPOLITANO DE QUITO","170104","COCHAPAMBA","URBANO","ZONA 9"
"000891","BERMEJO DE ABAJO","","09","GUAYAS","0918","SANTA LUCIA","091850","SANTA LUCIA","RURAL","ZONA 5"
"000187","BIBLIAN","","03","CAÑAR","0302","BIBLIAN","030250","BIBLIAN","RURAL","ZONA 6"
"000133","BILOVAN","","02","BOLIVAR","0205","SAN MIGUEL","020552","BILOVAN","RURAL","ZONA 5"
"000888","BOCA DE CAÑA","","09","GUAYAS","0916","SAMBORONDON","091651","TARIFA","RURAL","ZONA 8"
"000700","BOCA DEL CANUTO","","08","ESMERALDAS","0803","MUISNE","080357","SAN GREGORIO","RURAL","ZONA 1"
"002080","BOCANA DEL BUA","","08","ESMERALDAS","0804","QUININDE","080455","LA UNION","RURAL","ZONA 1"
"000693","BOLIVAR","","08","ESMERALDAS","0803","MUISNE","080351","BOLIVAR","RURAL","ZONA 1"
"000236","BOLIVAR","","04","CARCHI","0402","BOLIVAR","040250","BOLIVAR","RURAL","ZONA 1"
"001462","BOMBOIZA","","14","MORONA SANTIAGO","1402","GUALAQUIZA","140253","BOMBOIZA","RURAL","ZONA 6"
"001539","BORJA","","15","NAPO","1507","QUIJOS","150754","SAN FRANCISCO DE BORJA (VIRGILIO DAVILA)","RURAL","ZONA 2"
"000170","BORRERO","","03","CAÑAR","0301","AZOGUES","030102","AZOGUES","URBANO","ZONA 6"
"002966","BOYACA","","13","MANABI","1303","CHONE","130351","BOYACA","RURAL","ZONA 4"
"000726","BUCAY (GRAL. ANTONIO ELIZALDE)","","09","GUAYAS","0927","GENERAL  ANTONIO ELIZALDE","092750","GENERAL ANTONIO ELIZALDE (BUCAY)","RURAL","ZONA 5"
"000896","BUENA SUERTE (ANTES MASTRANTAL)","","09","GUAYAS","0919","SALITRE","091951","GENERAL VERNAZA (DOS ESTEROS)","RURAL","ZONA 5"
"001745","BUENAVENTURA","","17","PICHINCHA","1701","DISTRITO METROPOLITANO DE QUITO","170108","CHILLOGALLO","URBANO","ZONA 9"
"000511","BUENAVISTA","","07","EL ORO","0709","PASAJE","070951","BUENAVISTA","RURAL","ZONA 7"
"000978","BUENOS AIRES","","10","IMBABURA","1006","SAN MIGUEL DE URCUQUI","100652","LA MERCED DE BUENOS AIRES","RURAL","ZONA 1"
"000729","BUIJO HISTORICO","","09","GUAYAS","0916","SAMBORONDON","091602","LA PUNTILLA (SATELITE)","URBANO","ZONA 8"
"000062","BULAN","","01","AZUAY","0105","PAUTE","010552","BULAN (JOSE VICTOR IZQUIERDO)","RURAL","ZONA 6"
"001162","BY PASS","","12","LOS RIOS","1201","BABAHOYO","120101","CLEMENTE BAQUERIZO","URBANO","ZONA 5"
"001564","CABECERAS DEL BOBONAZA","","16","PASTAZA","1601","PASTAZA","160165","VERACRUZ (INDILLAMA) (CAB. EN INDILLAMA)","RURAL","ZONA 3"
"000694","CABO SAN FRANCISCO","","08","ESMERALDAS","0803","MUISNE","080356","SAN FRANCISCO","RURAL","ZONA 1"
"000154","CACHISAGUA","","02","BOLIVAR","0201","GUARANDA","020157","SAN SIMON (YACOTO)","RURAL","ZONA 5"
"000977","CAHUASQUI","","10","IMBABURA","1006","SAN MIGUEL DE URCUQUI","100651","CAHUASQUI","RURAL","ZONA 1"
"001664","CALACALI","","17","PICHINCHA","1701","DISTRITO METROPOLITANO DE QUITO","170154","CALACALI","RURAL","ZONA 9"
"000248","CALDERA","","04","CARCHI","0402","BOLIVAR","040255","SAN RAFAEL","RURAL","ZONA 1"
"000668","CALDERON","","08","ESMERALDAS","0805","SAN LORENZO","080553","CALDERON","RURAL","ZONA 1"
"000631","CAMARONES","","08","ESMERALDAS","0801","ESMERALDAS","080152","CAMARONES (CAB. EN SAN VICENTE)","RURAL","ZONA 1"
"001346","CAMPOZANO","","13","MANABI","1310","PAJAN","131051","CAMPOZANO (LA PALMA DE PAJAN)","RURAL","ZONA 4"
"000323","CANCHAGUA","","05","COTOPAXI","0506","SAQUISILI","050651","CANCHAGUA","RURAL","ZONA 3"
"001569","CANELOS","","16","PASTAZA","1601","PASTAZA","160152","CANELOS","RURAL","ZONA 3"
"001694","CANGAHUA","","17","PICHINCHA","1702","CAYAMBE","170252","CANGAHUA","RURAL","ZONA 2"
"001292","CANOA","","13","MANABI","1322","SAN VICENTE","132251","CANOA","RURAL","ZONA 4"
"001243","CANUTO","","13","MANABI","1303","CHONE","130352","CANUTO","RURAL","ZONA 4"
"002025","CAP. AUGUSTO RIVADENEYRA","","22","ORELLANA","2202","AGUARICO","220251","CAPITAN AUGUSTO RIVADENEYRA","RURAL","ZONA 2"
"001713","CAPELO","","17","PICHINCHA","1705","RUMIÑAHUI","170503","SAN RAFAEL","URBANO","ZONA 2"
"000147","CAPILLA DE PACAY","","02","BOLIVAR","0202","CHILLANES","020250","CHILLANES","RURAL","ZONA 5"
"000557","CAPIRO","","07","EL ORO","0710","PIÑAS","071051","CAPIRO (CAB. EN LA CAPILLA DE CAPIRO)","RURAL","ZONA 7"
"000443","CAPZOL","","06","CHIMBORAZO","0605","CHUNCHI","060551","CAPZOL","RURAL","ZONA 3"
"001171","CARACOL","","12","LOS RIOS","1201","BABAHOYO","120152","CARACOL","RURAL","ZONA 5"
"000959","CARANQUI","","10","IMBABURA","1001","IBARRA","100101","CARANQUI","URBANO","ZONA 1"
"001765","CARAPUNGO 1","","17","PICHINCHA","1701","DISTRITO METROPOLITANO DE QUITO","170155","CALDERON (CARAPUNGO)","RURAL","ZONA 9"
"000545","CARCABON","","07","EL ORO","0702","ARENILLAS","070255","CARCABON","RURAL","ZONA 7"
"001316","CARCEL","","13","MANABI","1309","MONTECRISTI","130950","MONTECRISTI (RURAL)","RURAL","ZONA 4"
"001661","CARCELEN BAJO","","17","PICHINCHA","1701","DISTRITO METROPOLITANO DE QUITO","170102","CARCELEN","URBANO","ZONA 9"
"000618","CARLOS CONCHA","","08","ESMERALDAS","0801","ESMERALDAS","080153","CORONEL CARLOS CONCHA TORRES (CAB. EN HUELE)","RURAL","ZONA 1"
"000093","CARMEN DE PIJILI","","01","AZUAY","0108","SANTA ISABEL","010852","EL CARMEN DE PIJILI","RURAL","ZONA 6"
"000669","CARONDELET","","08","ESMERALDAS","0805","SAN LORENZO","080554","CARONDELET","RURAL","ZONA 1"
"000960","CARPUELA","","10","IMBABURA","1001","IBARRA","100151","AMBUQUI","RURAL","ZONA 1"
"000860","CARRIZAL","","09","GUAYAS","0910","MILAGRO","091053","MARISCAL SUCRE (HUAQUES)","RURAL","ZONA 5"
"000874","CASCAJAL","","09","GUAYAS","0914","PEDRO CARBO","091451","VALLE DE LA VIRGEN","RURAL","ZONA 5"
"001345","CASCOL","","13","MANABI","1310","PAJAN","131052","CASCOL","RURAL","ZONA 4"
"000741","CASITAS DEL GUASMO","","09","GUAYAS","0901","GUAYAQUIL","090114","XIMENA","URBANO","ZONA 8"
"001213","CATARAMA","","12","LOS RIOS","1206","URDANETA","120650","CATARAMA","RURAL","ZONA 5"
"001743","CAUPICHU","","17","PICHINCHA","1701","DISTRITO METROPOLITANO DE QUITO","170132","TURUBAMBA","URBANO","ZONA 9"
"001080","CAZADEROS","","11","LOJA","1113","ZAPOTILLO","111356","CAZADEROS","RURAL","ZONA 7"
"000513","CAÑA QUEMADA","","07","EL ORO","0709","PASAJE","070956","CAÑAQUEMADA","RURAL","ZONA 7"
"001274","CAÑA TIGRE","","13","MANABI","1302","BOLIVAR","130250","CALCETA","RURAL","ZONA 4"
"000427","CEBADAS","","06","CHIMBORAZO","0606","GUAMOTE","060651","CEBADAS","RURAL","ZONA 3"
"001112","CELEN","","11","LOJA","1111","SARAGURO","111151","EL PARAISO DE CELEN","RURAL","ZONA 7"
"001028","CELICA","","11","LOJA","1104","CELICA","110450","CELICA","RURAL","ZONA 7"
"002872","CENTRO DE SALUD  BABA","","12","LOS RIOS","1202","BABA","120250","BABA","RURAL","ZONA 5"
"002858","CENTRO DE SALUD  DE PAUTE","","01","AZUAY","0105","PAUTE","010550","PAUTE","RURAL","ZONA 6"
"001671","CENTRO DE SALUD 1-E","","17","PICHINCHA","1701","DISTRITO METROPOLITANO DE QUITO","170105","COMITE DEL PUEBLO","URBANO","ZONA 9"
"001771","CENTRO DE SALUD AMAGUAÑA","","17","PICHINCHA","1701","DISTRITO METROPOLITANO DE QUITO","170152","AMAGUAÑA","RURAL","ZONA 9"
"001757","CENTRO DE SALUD ATAHUALPA","","17","PICHINCHA","1701","DISTRITO METROPOLITANO DE QUITO","170153","ATAHUALPA (HABASPAMBA)","RURAL","ZONA 9"
"000782","CENTRO DE SALUD ATARAZANA","","09","GUAYAS","0901","GUAYAQUIL","090112","TARQUI","URBANO","ZONA 8"
"019533","CENTRO DE SALUD BAÑOS","","18","TUNGURAHUA","1802","BAÑOS DE AGUA SANTA","180250","BAÑOS DE AGUA SANTA","RURAL","ZONA 3"
"000118","CENTRO DE SALUD CAMARON","","02","BOLIVAR","0204","ECHEANDIA","020450","ECHEANDIA","RURAL","ZONA 5"
"020870","CENTRO DE SALUD CHILLANES","","02","BOLIVAR","0202","CHILLANES","020250","CHILLANES","RURAL","ZONA 5"
"000156","CENTRO DE SALUD CHIMBO","","02","BOLIVAR","0203","CHIMBO","020350","SAN JOSE DE CHIMBO","RURAL","ZONA 5"
"000800","CENTRO DE SALUD CHONGóN","","09","GUAYAS","0901","GUAYAQUIL","090112","TARQUI","URBANO","ZONA 8"
"002854","CENTRO DE SALUD DE ALAMOR","","11","LOJA","1110","PUYANGO","111050","ALAMOR","RURAL","ZONA 7"
"002865","CENTRO DE SALUD DE ALAUSI","","06","CHIMBORAZO","0602","ALAUSI","060250","ALAUSI","RURAL","ZONA 3"
"002851","CENTRO DE SALUD DE AMALUZA","","11","LOJA","1106","ESPINDOLA","110650","AMALUZA","RURAL","ZONA 7"
"002900","CENTRO DE SALUD DE ARENILLAS","","07","EL ORO","0702","ARENILLAS","070250","ARENILLAS","RURAL","ZONA 7"
"002894","CENTRO DE SALUD DE ATUNTAQUI","","10","IMBABURA","1002","ANTONIO ANTE","100202","ATUNTAQUI (URBANO)","URBANO","ZONA 1"
"004100","CENTRO DE SALUD DE BORBON","","08","ESMERALDAS","0802","ELOY ALFARO","080253","BORBON","RURAL","ZONA 1"
"002850","CENTRO DE SALUD DE CARIAMANGA","","11","LOJA","1102","CALVAS","110201","CARIAMANGA (URBANO)","URBANO","ZONA 7"
"002723","CENTRO DE SALUD DE CAYAMBE","","17","PICHINCHA","1702","CAYAMBE","170202","CAYAMBE (URBANO)","URBANO","ZONA 2"
"002862","CENTRO DE SALUD DE CHUNCHI","","06","CHIMBORAZO","0605","CHUNCHI","060550","CHUNCHI","RURAL","ZONA 3"
"002864","CENTRO DE SALUD DE COLTA","","06","CHIMBORAZO","0603","COLTA","060301","CAJABAMBA","URBANO","ZONA 3"
"002895","CENTRO DE SALUD DE COTACACHI","","10","IMBABURA","1003","COTACACHI","100302","SAN FRANCISCO","URBANO","ZONA 1"
"002902","CENTRO DE SALUD DE EL ANGEL","","04","CARCHI","0403","ESPEJO","040301","EL ANGEL (URBANO)","URBANO","ZONA 1"
"002980","CENTRO DE SALUD DE EL CARMEN","","13","MANABI","1304","EL CARMEN","130401","EL CARMEN (URBANO)","URBANO","ZONA 4"
"002866","CENTRO DE SALUD DE EL GUABO","","07","EL ORO","0706","EL GUABO","070650","EL GUABO","RURAL","ZONA 7"
"002928","CENTRO DE SALUD DE GIRON","","01","AZUAY","0102","GIRON","010250","GIRON","RURAL","ZONA 6"
"002857","CENTRO DE SALUD DE GUALACEO","","01","AZUAY","0103","GUALACEO","010350","GUALACEO","RURAL","ZONA 6"
"002847","CENTRO DE SALUD DE GUALAQUIZA","","14","MORONA SANTIAGO","1402","GUALAQUIZA","140201","GUALAQUIZA (URBANO)","URBANO","ZONA 6"
"002863","CENTRO DE SALUD DE GUAMOTE","","06","CHIMBORAZO","0606","GUAMOTE","060650","GUAMOTE","RURAL","ZONA 3"
"002879","CENTRO DE SALUD DE HUAQUILLAS","","07","EL ORO","0707","HUAQUILLAS","070705","UNION LOJANA","URBANO","ZONA 7"
"002848","CENTRO DE SALUD DE LIMON INDANZA","","14","MORONA SANTIAGO","1403","LIMON INDANZA","140350","GRAL. LEONIDAS PLAZA GUTIERREZ","RURAL","ZONA 6"
"004101","CENTRO DE SALUD DE LIMONES","","08","ESMERALDAS","0802","ELOY ALFARO","080250","VALDEZ (LIMONES)","RURAL","ZONA 1"
"002852","CENTRO DE SALUD DE MACARA","","11","LOJA","1108","MACARA","110802","MACARA (MANUEL ENRIQUE RENGEL SUQUILANDA)","URBANO","ZONA 7"
"002849","CENTRO DE SALUD DE MENDEZ","","14","MORONA SANTIAGO","1405","SANTIAGO","140550","SANTIAGO DE MENDEZ","RURAL","ZONA 6"
"002896","CENTRO DE SALUD DE OTAVALO","","10","IMBABURA","1004","OTAVALO","100401","JORDAN","URBANO","ZONA 1"
"002978","CENTRO DE SALUD DE PAJAN","","13","MANABI","1310","PAJAN","131050","PAJAN","RURAL","ZONA 4"
"019313","CENTRO DE SALUD DE PELILEO","","18","TUNGURAHUA","1807","SAN PEDRO DE PELILEO","180701","PELILEO (URBANO)","URBANO","ZONA 3"
"019491","CENTRO DE SALUD DE PILLARO","","18","TUNGURAHUA","1808","SANTIAGO DE PILLARO","180801","CIUDAD NUEVA","URBANO","ZONA 3"
"002901","CENTRO DE SALUD DE SAN GABRIEL","","04","CARCHI","0405","MONTUFAR","040502","SAN JOSE","URBANO","ZONA 1"
"002859","CENTRO DE SALUD DE SANTA ISABEL","","01","AZUAY","0108","SANTA ISABEL","010850","SANTA ISABEL (CHAGUARURCO)","RURAL","ZONA 6"
"002898","CENTRO DE SALUD DE SANTA ROSA","","07","EL ORO","0712","SANTA ROSA","071201","SANTA ROSA (URBANO)","URBANO","ZONA 7"
"002855","CENTRO DE SALUD DE SARAGURO","","11","LOJA","1111","SARAGURO","111150","SARAGURO","RURAL","ZONA 7"
"002972","CENTRO DE SALUD DE TAISHA","","14","MORONA SANTIAGO","1409","TAISHA","140950","TAISHA","RURAL","ZONA 6"
"002856","CENTRO DE SALUD DE VILCABAMBA","","11","LOJA","1101","LOJA","110161","VILCABAMBA (VICTORIA)","RURAL","ZONA 7"
"002840","CENTRO DE SALUD DE YARUQUI","","17","PICHINCHA","1701","DISTRITO METROPOLITANO DE QUITO","170185","YARUQUI","RURAL","ZONA 9"
"001823","CENTRO DE SALUD DE YATZAPUTZAN","","18","TUNGURAHUA","1801","AMBATO","180161","PILAGUIN (PILAHUIN)","RURAL","ZONA 3"
"002881","CENTRO DE SALUD DE ZARUMA","","07","EL ORO","0713","ZARUMA","071350","ZARUMA","RURAL","ZONA 7"
"002846","CENTRO DE SALUD DE ZUMBA","","19","ZAMORA CHINCHIPE","1902","CHINCHIPE","190250","ZUMBA","RURAL","ZONA 7"
"019543","CENTRO DE SALUD EL TRIUNFO","","09","GUAYAS","0909","EL TRIUNFO","090950","EL TRIUNFO","RURAL","ZONA 5"
"001490","CENTRO DE SALUD FEDERACION SHUAR","","14","MORONA SANTIAGO","1406","SUCUA","140650","SUCUA","RURAL","ZONA 6"
"000851","CENTRO DE SALUD LA GUAYAS DR. STEVEN JOSE AGUIRRE GILER","","09","GUAYAS","0908","EL EMPALME","090851","GUAYAS (PUEBLO NUEVO)","RURAL","ZONA 5"
"002842","CENTRO DE SALUD MACHACHI","","17","PICHINCHA","1703","MEJIA","170350","MACHACHI","RURAL","ZONA 2"
"000780","CENTRO DE SALUD N. 15","","09","GUAYAS","0901","GUAYAQUIL","090112","TARQUI","URBANO","ZONA 8"
"020033","CENTRO DE SALUD NARANJAL","","09","GUAYAS","0911","NARANJAL","091150","NARANJAL","RURAL","ZONA 5"
"065573","CENTRO DE SALUD NUEVA PROSPERINA","","09","GUAYAS","0901","GUAYAQUIL","090112","TARQUI","URBANO","ZONA 8"
"040436","CENTRO DE SALUD PUERTAS DEL SOL","","09","GUAYAS","0901","GUAYAQUIL","090112","TARQUI","URBANO","ZONA 8"
"000803","CENTRO DE SALUD PUERTO HONDO","","09","GUAYAS","0901","GUAYAQUIL","090112","TARQUI","URBANO","ZONA 8"
"081340","CENTRO DE SALUD PUERTO MADERO","","21","SUCUMBIOS","2106","CASCALES","210653","NUEVA TRONCAL","RURAL","ZONA 1"
"002870","CENTRO DE SALUD RURAL RICAURTE","","12","LOS RIOS","1206","URDANETA","120651","RICAURTE","RURAL","ZONA 5"
"019539","CENTRO DE SALUD SALITRE","","09","GUAYAS","0919","SALITRE","091950","EL SALITRE (LAS RAMAS)","RURAL","ZONA 5"
"003095","CENTRO DE SALUD SAN CRISTOBAL","","20","GALAPAGOS","2001","SAN CRISTOBAL","200150","PUERTO BAQUERIZO MORENO","RURAL","ZONA 5"
"019345","CENTRO DE SALUD SAN MIGUEL","","02","BOLIVAR","0205","SAN MIGUEL","020550","SAN MIGUEL","RURAL","ZONA 5"
"002841","CENTRO DE SALUD SANGOLQUI","","17","PICHINCHA","1705","RUMIÑAHUI","170501","SANGOLQUI (URBANO)","URBANO","ZONA 2"
"003096","CENTRO DE SALUD SANTA CRUZ","","20","GALAPAGOS","2003","SANTA CRUZ","200350","PUERTO AYORA","RURAL","ZONA 5"
"039125","CENTRO DE SALUD TIPO A GARCIA MORENO - CHUMAQUI","","18","TUNGURAHUA","1807","SAN PEDRO DE PELILEO","180756","GARCIA MORENO (CHUMAQUI)","RURAL","ZONA 3"
"002845","CENTRO DE SALUD TIPO A YANTZAZA","","19","ZAMORA CHINCHIPE","1905","YANTZAZA","190550","YANTZAZA (YANZATZA)","RURAL","ZONA 7"
"000751","CENTRO DE SALUD TRINITARIA 1","","09","GUAYAS","0901","GUAYAQUIL","090114","XIMENA","URBANO","ZONA 8"
"000752","CENTRO DE SALUD TRINITARIA 2","","09","GUAYAS","0901","GUAYAQUIL","090114","XIMENA","URBANO","ZONA 8"
"000753","CENTRO DE SALUD TRINITARIA 3","","09","GUAYAS","0901","GUAYAQUIL","090114","XIMENA","URBANO","ZONA 8"
"019537","CENTRO DE SALUD URBANO DAULE","","09","GUAYAS","0906","DAULE","090650","DAULE (RURAL)","RURAL","ZONA 5"
"019545","CENTRO DE SALUD URBANO NARANJITO","","09","GUAYAS","0912","NARANJITO","091250","NARANJITO","RURAL","ZONA 5"
"001557","CENTRO DE SALUD URBANO PUYO","","16","PASTAZA","1601","PASTAZA","160150","PUYO","RURAL","ZONA 3"
"002873","CENTRO DE SALUD URBANO QUEVEDO","","12","LOS RIOS","1205","QUEVEDO","120507","7 DE OCTUBRE","URBANO","ZONA 5"
"002869","CENTRO DE SALUD URBANO VINCES","","12","LOS RIOS","1208","VINCES","120802","VINCES CENTRAL","URBANO","ZONA 5"
"002874","CENTRO DE SALUD VENTANAS","","12","LOS RIOS","1207","VENTANAS","120702","VENTANAS (URBANO)","URBANO","ZONA 5"
"019549","CENTRO DE SALUD YAGUACHI","","09","GUAYAS","0920","SAN JACINTO DE YAGUACHI","092050","SAN JACINTO DE YAGUACHI","RURAL","ZONA 5"
"002837","CENTRO DE SALUD ZAMORA","","19","ZAMORA CHINCHIPE","1901","ZAMORA","190102","ZAMORA","URBANO","ZONA 7"
"002910","CENTRO MEDICO POPULAR","","03","CAÑAR","0301","AZOGUES","030102","AZOGUES","URBANO","ZONA 6"
"002019","CENTRO SHUAR","","22","ORELLANA","2201","ORELLANA","220151","DAYUMA","RURAL","ZONA 2"
"002912","CENTRO URBANO SIGSIG","","01","AZUAY","0109","SIGSIG","010950","SIGSIG","RURAL","ZONA 6"
"000801","CERECITA","","09","GUAYAS","0901","GUAYAQUIL","090152","JUAN GOMEZ RENDON (PROGRESO)","RURAL","ZONA 8"
"000830","CERRITOS","","09","GUAYAS","0904","BALZAR","090450","BALZAR","RURAL","ZONA 5"
"000847","CERRO REDONDO","","09","GUAYAS","0907","DURAN","090703","DIVINO NIÑO","URBANO","ZONA 8"
"001407","CERRO VERDE","","13","MANABI","1315","TOSAGUA","131550","TOSAGUA","RURAL","ZONA 4"
"000546","CHACRAS","","07","EL ORO","0702","ARENILLAS","070251","CHACRAS","RURAL","ZONA 7"
"000612","CHAFLU","","08","ESMERALDAS","0801","ESMERALDAS","080154","CHINCA","RURAL","ZONA 1"
"001034","CHAGUARPAMBA","","11","LOJA","1105","CHAGUARPAMBA","110550","CHAGUARPAMBA","RURAL","ZONA 7"
"000983","CHALTURA","","10","IMBABURA","1002","ANTONIO ANTE","100253","SAN JOSE DE CHALTURA","RURAL","ZONA 1"
"000696","CHAMANGA","","08","ESMERALDAS","0803","MUISNE","080358","SAN JOSE DE CHAMANGA","RURAL","ZONA 1"
"002100","CHANDUY","","24","SANTA ELENA","2401","SANTA ELENA","240153","CHANDUY","RURAL","ZONA 5"
"001045","CHANGAIMINA","","11","LOJA","1107","GONZANAMA","110751","CHANGAIMINA (LA LIBERTAD)","RURAL","ZONA 7"
"001296","CHARAPOTO","","13","MANABI","1314","SUCRE","131453","CHARAPOTO","RURAL","ZONA 4"
"000113","CHARQUIYACU","","02","BOLIVAR","0206","CALUMA","020650","CALUMA","RURAL","ZONA 5"
"000110","CHAZO JUAN","","02","BOLIVAR","0201","GUARANDA","020155","SALINAS","RURAL","ZONA 5"
"001712","CHECA","","17","PICHINCHA","1701","DISTRITO METROPOLITANO DE QUITO","170159","CHECA (CHILPA)","RURAL","ZONA 9"
"000022","CHECA","","01","AZUAY","0101","CUENCA","010154","CHECA (JIDCAY)","RURAL","ZONA 6"
"001354","CHEVE ARRIBA","","13","MANABI","1317","PEDERNALES","131751","COJIMIES","RURAL","ZONA 4"
"001280","CHIBUNGA","","13","MANABI","1303","CHONE","130354","CHIBUNGA","RURAL","ZONA 4"
"000288","CHICAL","","04","CARCHI","0401","TULCAN","040159","EL CHICAL","RURAL","ZONA 1"
"000063","CHICAN","","01","AZUAY","0105","PAUTE","010553","CHICAN (GUILLERMO ORTEGA)","RURAL","ZONA 6"
"001932","CHICAÑA","","19","ZAMORA CHINCHIPE","1905","YANTZAZA","190551","CHICAÑA","RURAL","ZONA 7"
"001388","CHICOMPE","","13","MANABI","1313","SANTA ANA","131353","LA UNION","RURAL","ZONA 4"
"001448","CHIGUAZA","","14","MORONA SANTIAGO","1407","HUAMBOYA","140751","CHIGUAZA","RURAL","ZONA 6"
"001434","CHIGUINDA","","14","MORONA SANTIAGO","1402","GUALAQUIZA","140254","CHIGUINDA","RURAL","ZONA 6"
"000070","CHILCAPLAYA","","01","AZUAY","0106","PUCARA","010650","PUCARA","RURAL","ZONA 6"
"000524","CHILLA","","07","EL ORO","0705","CHILLA","070550","CHILLA","RURAL","ZONA 7"
"001746","CHILLOGALLO","","17","PICHINCHA","1701","DISTRITO METROPOLITANO DE QUITO","170108","CHILLOGALLO","URBANO","ZONA 9"
"001486","CHINIMBIMI","","14","MORONA SANTIAGO","1405","SANTIAGO","140557","SAN FRANCISCO DE CHINIMBIMI","RURAL","ZONA 6"
"000310","CHIPEHAMBURGO","","05","COTOPAXI","0502","LA MANA","050250","LA MANA (RURAL)","RURAL","ZONA 3"
"001818","CHIQUICHA","","18","TUNGURAHUA","1807","SAN PEDRO DE PELILEO","180754","CHIQUICHA (CAB. EN CHIQUICHA GRANDE)","RURAL","ZONA 3"
"000021","CHIQUINTAD","","01","AZUAY","0101","CUENCA","010155","CHIQUINTAD","RURAL","ZONA 6"
"001375","CHIRIJO","","13","MANABI","1301","PORTOVIEJO","130157","CHIRIJOS","RURAL","ZONA 4"
"001626","CHIRIYACU ALTO","","17","PICHINCHA","1701","DISTRITO METROPOLITANO DE QUITO","170119","LA FERROVIARIA","URBANO","ZONA 9"
"001627","CHIRIYACU BAJO","","17","PICHINCHA","1701","DISTRITO METROPOLITANO DE QUITO","170109","CHIMBACALLE","URBANO","ZONA 9"
"001294","CHITA","","13","MANABI","1322","SAN VICENTE","132251","CANOA","RURAL","ZONA 4"
"000254","CHITAN DE NAVARRETE","","04","CARCHI","0405","MONTUFAR","040552","CHITAN DE NAVARRETE","RURAL","ZONA 1"
"001903","CHITO","","19","ZAMORA CHINCHIPE","1902","CHINCHIPE","190251","CHITO","RURAL","ZONA 7"
"001470","CHIVIAZA","","14","MORONA SANTIAGO","1403","LIMON INDANZA","140357","STA SUSANA DE CHIVIAZA (CAB EN CHIVIAZA)","RURAL","ZONA 6"
"000456","CHOCAVI","","06","CHIMBORAZO","0607","GUANO","060756","SAN ISIDRO DE PATULU","RURAL","ZONA 3"
"001526","CHONTA PUNTA","","15","NAPO","1501","TENA","150153","CHONTAPUNTA","RURAL","ZONA 2"
"001085","CHONTACRUZ","","11","LOJA","1101","LOJA","110106","PUNZARA","URBANO","ZONA 7"
"000632","CHONTADURO","","08","ESMERALDAS","0807","RIOVERDE","080751","CHONTADURO","RURAL","ZONA 1"
"000206","CHONTAMARCA","","03","CAÑAR","0303","CAÑAR","030351","CHONTAMARCA","RURAL","ZONA 6"
"000194","CHOROCOPTE","","03","CAÑAR","0303","CAÑAR","030352","CHOROCOPTE","RURAL","ZONA 6"
"000655","CHUCAPLE","","08","ESMERALDAS","0804","QUININDE","080451","CUBE","RURAL","ZONA 1"
"000324","CHUGCHILLAN","","05","COTOPAXI","0507","SIGCHOS","050751","CHUGCHILLAN","RURAL","ZONA 3"
"000633","CHUMUNDE","","08","ESMERALDAS","0807","RIOVERDE","080752","CHUMUNDE","RURAL","ZONA 1"
"001101","CHUQUIRIBAMBA","","11","LOJA","1101","LOJA","110152","CHUQUIRIBAMBA","RURAL","ZONA 7"
"002759","CHURA","","08","ESMERALDAS","0804","QUININDE","080452","CHURA (CHANCAMA) (CAB. EN EL YERBERO)","RURAL","ZONA 1"
"001554","CHUWITAYU","","16","PASTAZA","1601","PASTAZA","160162","SIMON BOLIVAR (CAB. EN MUSHULLACTA)","RURAL","ZONA 3"
"000827","CIEN FAMILIAS","","09","GUAYAS","0903","BALAO","090350","BALAO","RURAL","ZONA 5"
"002059","CIUDAD NUEVA","","23","SANTO DOMINGO DE LOS TSACHILAS","2301","SANTO DOMINGO","230102","BOMBOLI","URBANO","ZONA 4"
"001380","CIUDADELA  MUNICIPAL","","13","MANABI","1301","PORTOVIEJO","130108","18 DE OCTUBRE","URBANO","ZONA 4"
"000759","CIUDADELA GUANGALA","","09","GUAYAS","0901","GUAYAQUIL","090114","XIMENA","URBANO","ZONA 8"
"001744","CIUDADELA IBARRA","","17","PICHINCHA","1701","DISTRITO METROPOLITANO DE QUITO","170118","LA ECUATORIANA","URBANO","ZONA 9"
"001205","CLARISA","","12","LOS RIOS","1208","VINCES","120851","ANTONIO SOTOMAYOR (CAB. EN PLAYAS DE VINCES)","RURAL","ZONA 5"
"002003","COCA 2","","22","ORELLANA","2201","ORELLANA","220150","EL COCA","RURAL","ZONA 2"
"002814","COCA 3","","22","ORELLANA","2201","ORELLANA","220150","EL COCA","RURAL","ZONA 2"
"000218","COCHANCAY","","03","CAÑAR","0304","LA TRONCAL","030450","LA TRONCAL","RURAL","ZONA 6"
"001680","COCHAPAMBA SUR","","17","PICHINCHA","1701","DISTRITO METROPOLITANO DE QUITO","170104","COCHAPAMBA","URBANO","ZONA 9"
"001673","COCOTOG","","17","PICHINCHA","1701","DISTRITO METROPOLITANO DE QUITO","170186","ZAMBIZA","RURAL","ZONA 9"
"000177","COJITAMBO","","03","CAÑAR","0301","AZOGUES","030151","COJITAMBO","RURAL","ZONA 6"
"001016","COLAISACA","","11","LOJA","1102","CALVAS","110251","COLAISACA","RURAL","ZONA 7"
"001662","COLINAS DEL NORTE","","17","PICHINCHA","1701","DISTRITO METROPOLITANO DE QUITO","170110","EL CONDADO","URBANO","ZONA 9"
"000151","COLOMBIA ALTA","","02","BOLIVAR","0202","CHILLANES","020251","SAN JOSE DEL TAMBO (TAMBOPAMBA)","RURAL","ZONA 5"
"001361","COLON","","13","MANABI","1301","PORTOVIEJO","130103","COLON","URBANO","ZONA 4"
"000685","COLON ELOY","","08","ESMERALDAS","0802","ELOY ALFARO","080262","COLON ELOY DEL MARIA","RURAL","ZONA 1"
"002088","COLONCHE","","24","SANTA ELENA","2401","SANTA ELENA","240152","COLONCHE","RURAL","ZONA 5"
"001322","COLORADO","","13","MANABI","1309","MONTECRISTI","130903","COLORADO","URBANO","ZONA 4"
"000409","COLUMBE","","06","CHIMBORAZO","0603","COLTA","060352","COLUMBE","RURAL","ZONA 3"
"000444","COMPUD","","06","CHIMBORAZO","0605","CHUNCHI","060552","COMPUD","RURAL","ZONA 3"
"001290","COMUNA SALINAS","","13","MANABI","1322","SAN VICENTE","132250","SAN VICENTE","RURAL","ZONA 4"
"000680","CONCEPCION","","08","ESMERALDAS","0805","SAN LORENZO","080556","CONCEPCION","RURAL","ZONA 1"
"000737","CONDOR","","09","GUAYAS","0901","GUAYAQUIL","090114","XIMENA","URBANO","ZONA 8"
"000901","CONE","","09","GUAYAS","0920","SAN JACINTO DE YAGUACHI","092055","YAGUACHI VIEJO (CONE)","RURAL","ZONA 5"
"001091","CONSACOLA","","11","LOJA","1101","LOJA","110105","CARIGAN","URBANO","ZONA 7"
"000802","CONSUELO","","09","GUAYAS","0901","GUAYAQUIL","090150","GUAYAQUIL","RURAL","ZONA 8"
"001285","CONVENTO","","13","MANABI","1303","CHONE","130353","CONVENTO","RURAL","ZONA 4"
"001590","COPATAZA","","16","PASTAZA","1601","PASTAZA","160162","SIMON BOLIVAR (CAB. EN MUSHULLACTA)","RURAL","ZONA 3"
"001663","CORAZON DE JESUS","","17","PICHINCHA","1701","DISTRITO METROPOLITANO DE QUITO","170102","CARCELEN","URBANO","ZONA 9"
"001846","COTALO","","18","TUNGURAHUA","1807","SAN PEDRO DE PELILEO","180753","COTALO","RURAL","ZONA 3"
"001681","COTOCOLLAO ALTO","","17","PICHINCHA","1701","DISTRITO METROPOLITANO DE QUITO","170110","EL CONDADO","URBANO","ZONA 9"
"001714","COTOGCHOA","","17","PICHINCHA","1705","RUMIÑAHUI","170551","COTOGCHOA","RURAL","ZONA 2"
"000735","COTOPAXI","","09","GUAYAS","0901","GUAYAQUIL","090114","XIMENA","URBANO","ZONA 8"
"001524","COTUNDO","","15","NAPO","1503","ARCHIDONA","150352","COTUNDO","RURAL","ZONA 2"
"002794","CRISTO VIVE","","23","SANTO DOMINGO DE LOS TSACHILAS","2301","SANTO DOMINGO","230105","RIO VERDE","URBANO","ZONA 4"
"000253","CRISTOBAL COLON","","04","CARCHI","0405","MONTUFAR","040551","CRISTOBAL COLON","RURAL","ZONA 1"
"004315","CRISTOBAL COLON","","08","ESMERALDAS","0804","QUININDE","080453","MALIMPIA","RURAL","ZONA 1"
"001371","CRUCITA","","13","MANABI","1301","PORTOVIEJO","130153","CRUCITA","RURAL","ZONA 4"
"000125","CUATRO ESQUINAS","","02","BOLIVAR","0201","GUARANDA","020103","GUANUJO","URBANO","ZONA 5"
"000654","CUBE","","08","ESMERALDAS","0804","QUININDE","080451","CUBE","RURAL","ZONA 1"
"000401","CUBIJIES","","06","CHIMBORAZO","0601","RIOBAMBA","060153","CUBIJIES","RURAL","ZONA 3"
"001286","CUCUY","","13","MANABI","1303","CHONE","130355","ELOY ALFARO","RURAL","ZONA 4"
"000990","CUELLAJE","","10","IMBABURA","1003","COTACACHI","100357","SEIS DE JULIO DE CUELLAJE (CAB. EN CUELLAJE)","RURAL","ZONA 1"
"001777","CUENDINA","","17","PICHINCHA","1701","DISTRITO METROPOLITANO DE QUITO","170152","AMAGUAÑA","RURAL","ZONA 9"
"001915","CUMBARATZA","","19","ZAMORA CHINCHIPE","1901","ZAMORA","190151","CUMBARATZA","RURAL","ZONA 7"
"001704","CUMBAYA","","17","PICHINCHA","1701","DISTRITO METROPOLITANO DE QUITO","170157","CUMBAYA","RURAL","ZONA 9"
"000039","CUMBE","","01","AZUAY","0101","CUENCA","010152","CUMBE","RURAL","ZONA 6"
"001813","CUNCHIBAMBA","","18","TUNGURAHUA","1801","AMBATO","180167","CUNCHIBAMBA","RURAL","ZONA 3"
"000652","CUPA","","08","ESMERALDAS","0804","QUININDE","080450","ROSA ZARATE (QUININDE)","RURAL","ZONA 1"
"001587","CURARAY","","16","PASTAZA","1604","ARAJUNO","160451","CURARAY","RURAL","ZONA 3"
"001720","CURIPUNGO","","17","PICHINCHA","1705","RUMIÑAHUI","170550","SANGOLQUI (RURAL)","RURAL","ZONA 2"
"000580","CURTINCAPAC","","07","EL ORO","0711","PORTOVELO","071151","CURTINCAPA","RURAL","ZONA 7"
"000330","CUSUBAMBA","","05","COTOPAXI","0505","SALCEDO","050552","CUSUBAMBA","RURAL","ZONA 3"
"000078","CUTCHIL","","01","AZUAY","0109","SIGSIG","010951","CUCHIL","RURAL","ZONA 6"
"001724","CUTUGLAHUA","","17","PICHINCHA","1703","MEJIA","170353","CUTUGLAHUA","RURAL","ZONA 2"
"000048","DANIEL CORDOVA","","01","AZUAY","0103","GUALACEO","010352","DANIEL CORDOVA TORAL (EL ORIENTE)","RURAL","ZONA 6"
"000702","DAULE","","08","ESMERALDAS","0803","MUISNE","080352","DAULE","RURAL","ZONA 1"
"002018","DAYUMA","","22","ORELLANA","2201","ORELLANA","220151","DAYUMA","RURAL","ZONA 2"
"002042","DIKARO","","22","ORELLANA","2202","AGUARICO","220252","CONONACO","RURAL","ZONA 2"
"002778","DIVINO NIÑO","","13","MANABI","1308","MANTA","130801","LOS ESTEROS","URBANO","ZONA 4"
"001063","DOCE DE DICIEMBRE","","11","LOJA","1114","PINDAL","111452","12 DE DICIEMBRE (CAB. EN ACHIOTES)","RURAL","ZONA 7"
"000867","DR. JAIME ROLDOS AGUILERA","","09","GUAYAS","0911","NARANJAL","091150","NARANJAL","RURAL","ZONA 5"
"000213","DUCUR","","03","CAÑAR","0303","CAÑAR","030363","DUCUR","RURAL","ZONA 6"
"000845","DURAN II","","09","GUAYAS","0907","DURAN","090703","DIVINO NIÑO","URBANO","ZONA 8"
"001964","DURENO","","21","SUCUMBIOS","2101","LAGO AGRIO","210152","DURENO","RURAL","ZONA 1"
"001447","EBENEZER","","14","MORONA SANTIAGO","1401","MORONA","140162","CUCHAENTZA","RURAL","ZONA 6"
"002784","EL AIRO","","11","LOJA","1106","ESPINDOLA","110656","EL AIRO","RURAL","ZONA 7"
"001327","EL ANEGADO","","13","MANABI","1306","JIPIJAPA","130652","EL ANEGADO (CAB. EN ELOY ALFARO)","RURAL","ZONA 4"
"001321","EL AROMO","","13","MANABI","1308","MANTA","130851","SAN LORENZO","RURAL","ZONA 4"
"001323","EL ARROYO","","13","MANABI","1309","MONTECRISTI","130950","MONTECRISTI (RURAL)","RURAL","ZONA 4"
"001739","EL BLANQUEADO","","17","PICHINCHA","1701","DISTRITO METROPOLITANO DE QUITO","170126","QUITUMBE","URBANO","ZONA 9"
"000064","EL CABO","","01","AZUAY","0105","PAUTE","010554","EL CABO","RURAL","ZONA 6"
"000284","EL CARMELO","","04","CARCHI","0401","TULCAN","040151","EL CARMELO (EL PUN)","RURAL","ZONA 1"
"000558","EL CARMEN","","07","EL ORO","0710","PIÑAS","071054","PIEDRAS","RURAL","ZONA 7"
"001651","EL CARMEN","","17","PICHINCHA","1701","DISTRITO METROPOLITANO DE QUITO","170131","SOLANDA","URBANO","ZONA 9"
"000016","EL CEBOLLAR","","01","AZUAY","0101","CUENCA","010111","SAN SEBASTIAN","URBANO","ZONA 6"
"000804","EL CERRO","","09","GUAYAS","0901","GUAYAQUIL","090112","TARQUI","URBANO","ZONA 8"
"001520","EL CHACO","","15","NAPO","1504","EL CHACO","150450","EL CHACO","RURAL","ZONA 2"
"001725","EL CHAUPI","","17","PICHINCHA","1703","MEJIA","170354","EL CHAUPI","RURAL","ZONA 2"
"001102","EL CISNE","","11","LOJA","1101","LOJA","110153","EL CISNE","RURAL","ZONA 7"
"001665","EL CONDADO","","17","PICHINCHA","1701","DISTRITO METROPOLITANO DE QUITO","170124","PONCEANO","URBANO","ZONA 9"
"021034","EL CORAZON","","05","COTOPAXI","0503","PANGUA","050350","EL CORAZON","RURAL","ZONA 3"
"001403","EL DESVIO","","13","MANABI","1311","PICHINCHA","131150","PICHINCHA","RURAL","ZONA 4"
"002040","EL DORADO","","22","ORELLANA","2201","ORELLANA","220154","EL DORADO","RURAL","ZONA 2"
"002027","EL EDEN","","22","ORELLANA","2201","ORELLANA","220155","EL EDEN","RURAL","ZONA 2"
"001997","EL ENO","","21","SUCUMBIOS","2101","LAGO AGRIO","210155","EL ENO","RURAL","ZONA 1"
"002072","EL ESFUERZO","","23","SANTO DOMINGO DE LOS TSACHILAS","2301","SANTO DOMINGO","230156","EL ESFUERZO","RURAL","ZONA 4"
"001362","EL FLORON","","13","MANABI","1301","PORTOVIEJO","130106","ANDRES VERA","URBANO","ZONA 4"
"000810","EL FORTIN","","09","GUAYAS","0901","GUAYAQUIL","090115","PASCUALES","URBANO","ZONA 8"
"001041","EL INGENIO","","11","LOJA","1106","ESPINDOLA","110655","EL INGENIO","RURAL","ZONA 7"
"001066","EL LIMO (MARIANA JESUS)","","11","LOJA","1110","PUYANGO","111053","EL LIMO (MARIANA DE JESUS)","RURAL","ZONA 7"
"000853","EL LIMON","","09","GUAYAS","0908","EL EMPALME","090850","VELASCO IBARRA (CAB. EL EMPALME)","RURAL","ZONA 5"
"001366","EL LIMON","","13","MANABI","1301","PORTOVIEJO","130109","SIMON BOLIVAR","URBANO","ZONA 4"
"001400","EL MAICITO (WILFRIDO LOOR MOREIRA)","","13","MANABI","1304","EL CARMEN","130451","WILFRIDO LOOR MOREIRA (MAICITO)","RURAL","ZONA 4"
"001161","EL MAMEY","","12","LOS RIOS","1201","BABAHOYO","120101","CLEMENTE BAQUERIZO","URBANO","ZONA 5"
"000890","EL MATE","","09","GUAYAS","0918","SANTA LUCIA","091850","SANTA LUCIA","RURAL","ZONA 5"
"001367","EL NARANJO","","13","MANABI","1301","PORTOVIEJO","130109","SIMON BOLIVAR","URBANO","ZONA 4"
"000055","EL PAN","","01","AZUAY","0112","EL PAN","011250","EL PAN","RURAL","ZONA 6"
"001648","EL PANECILLO","","17","PICHINCHA","1701","DISTRITO METROPOLITANO DE QUITO","170103","CENTRO HISTORICO","URBANO","ZONA 9"
"000007","EL PARAISO","","01","AZUAY","0101","CUENCA","010102","CAÑARIBAMBA","URBANO","ZONA 6"
"002043","EL PARAISO","","22","ORELLANA","2201","ORELLANA","220159","NUEVO PARAISO (CAB. EN UNION )","RURAL","ZONA 2"
"002767","EL PARAISO LA CATORCE","","13","MANABI","1304","EL CARMEN","130454","EL PARAISO LA 14 (CAB EN EL PARAISO)","RURAL","ZONA 4"
"000229","EL PIEDRERO","","09","GUAYAS","0909","EL TRIUNFO","090950","EL TRIUNFO","RURAL","ZONA 5"
"002115","EL PIEDRERO","","09","GUAYAS","0909","EL TRIUNFO","090950","EL TRIUNFO","RURAL","ZONA 5"
"001610","EL PLACER","","17","PICHINCHA","1701","DISTRITO METROPOLITANO DE QUITO","170130","SAN JUAN","URBANO","ZONA 9"
"002888","EL PROGRESO","","20","GALAPAGOS","2001","SAN CRISTOBAL","200151","EL PROGRESO","RURAL","ZONA 5"
"001079","EL PROGRESO","","11","LOJA","1113","ZAPOTILLO","111356","CAZADEROS","RURAL","ZONA 7"
"000519","EL PROGRESO","","07","EL ORO","0709","PASAJE","070954","PROGRESO","RURAL","ZONA 7"
"002724","EL PROGRESO","","13","MANABI","1301","PORTOVIEJO","130107","FRANCISCO PACHECO","URBANO","ZONA 4"
"001708","EL QUINCHE","","17","PICHINCHA","1701","DISTRITO METROPOLITANO DE QUITO","170160","EL QUINCHE","RURAL","ZONA 9"
"001277","EL RECREO - SAN MIGUEL","","13","MANABI","1315","TOSAGUA","131550","TOSAGUA","RURAL","ZONA 4"
"000849","EL RECREO I","","09","GUAYAS","0907","DURAN","090702","EL RECREO","URBANO","ZONA 8"
"000491","EL RETIRO","","07","EL ORO","0701","MACHALA","070152","EL RETIRO","RURAL","ZONA 7"
"001993","EL REVENTADOR","","21","SUCUMBIOS","2102","GONZALO PIZARRO","210251","EL REVENTADOR","RURAL","ZONA 1"
"001740","EL ROCIO","","17","PICHINCHA","1701","DISTRITO METROPOLITANO DE QUITO","170111","GUAMANI","URBANO","ZONA 9"
"001358","EL RODEO","","13","MANABI","1301","PORTOVIEJO","130155","RIOCHICO (RIO CHICO)","RURAL","ZONA 4"
"001167","EL SALTO","","12","LOS RIOS","1201","BABAHOYO","120104","EL SALTO","URBANO","ZONA 5"
"001022","EL TAMBO","","11","LOJA","1103","CATAMAYO","110351","EL TAMBO","RURAL","ZONA 7"
"000962","EL TEJAR","","10","IMBABURA","1001","IBARRA","100104","SAN FRANCISCO","URBANO","ZONA 1"
"001772","EL TINGO","","17","PICHINCHA","1701","DISTRITO METROPOLITANO DE QUITO","170151","ALANGASI","RURAL","ZONA 9"
"000314","EL TINGO (LA ESPERANZA)","","05","COTOPAXI","0504","PUJILI","050457","TINGO","RURAL","ZONA 3"
"000899","EL TOPE","","09","GUAYAS","0919","SALITRE","091952","LA VICTORIA (ÑAUZA)","RURAL","ZONA 5"
"001747","EL TRANSITO","","17","PICHINCHA","1701","DISTRITO METROPOLITANO DE QUITO","170108","CHILLOGALLO","URBANO","ZONA 9"
"001560","EL TRIUNFO","","16","PASTAZA","1601","PASTAZA","160166","EL TRIUNFO","RURAL","ZONA 3"
"001883","EL TRIUNFO","","18","TUNGURAHUA","1805","PATATE","180551","EL TRIUNFO","RURAL","ZONA 3"
"000605","EL TRIUNFO DEL CALVARIO","","08","ESMERALDAS","0804","QUININDE","080452","CHURA (CHANCAMA) (CAB. EN EL YERBERO)","RURAL","ZONA 1"
"001197","EL VERGEL","","12","LOS RIOS","1211","VALENCIA","121150","VALENCIA (RURAL)","RURAL","ZONA 5"
"001288","ELOY ALFARO","","13","MANABI","1303","CHONE","130355","ELOY ALFARO","RURAL","ZONA 4"
"000883","ENGABAO","","09","GUAYAS","0921","PLAYAS","092150","GENERAL VILLAMIL (PLAYAS)","RURAL","ZONA 5"
"002010","ENOKANKI","","22","ORELLANA","2203","LA JOYA DE LOS SACHAS","220351","ENOKANQUI","RURAL","ZONA 2"
"002093","ENRIQUEZ GALLO","","24","SANTA ELENA","2402","LA LIBERTAD","240250","LA LIBERTAD","RURAL","ZONA 5"
"001695","ESPIGA DE ORO","","17","PICHINCHA","1702","CAYAMBE","170252","CANGAHUA","RURAL","ZONA 2"
"001324","ESTANCIA LAS PALMAS","","13","MANABI","1309","MONTECRISTI","130950","MONTECRISTI (RURAL)","RURAL","ZONA 4"
"001384","ESTANCIA VIEJA","","13","MANABI","1301","PORTOVIEJO","130103","COLON","URBANO","ZONA 4"
"001347","ESTERO CIEGO","","13","MANABI","1310","PAJAN","131051","CAMPOZANO (LA PALMA DE PAJAN)","RURAL","ZONA 4"
"020939","ESTERO DE DAMAS","","12","LOS RIOS","1213","QUINSALOMA","121350","QUINSALOMA","RURAL","ZONA 5"
"001155","ESTERO DE LA PLATA","","12","LOS RIOS","1201","BABAHOYO","120153","FEBRES CORDERO (LAS JUNTAS)","RURAL","ZONA 5"
"000644","ESTERO DE PLATANO","","08","ESMERALDAS","0803","MUISNE","080353","GALERA","RURAL","ZONA 1"
"000792","ESTRELLA DE BELEN","","09","GUAYAS","0901","GUAYAQUIL","090112","TARQUI","URBANO","ZONA 8"
"001988","ESTRELLA DEL ORIENTE","","21","SUCUMBIOS","2101","LAGO AGRIO","210150","NUEVA LOJA","RURAL","ZONA 1"
"000998","EUGENIO ESPEJO","","10","IMBABURA","1004","OTAVALO","100452","EUGENIO ESPEJO (CALPAQUI)","RURAL","ZONA 1"
"000120","FACUNDO VELA","","02","BOLIVAR","0201","GUARANDA","020151","FACUNDO VELA","RURAL","ZONA 5"
"001715","FAJARDO","","17","PICHINCHA","1705","RUMIÑAHUI","170504","FAJARDO","URBANO","ZONA 2"
"001561","FATIMA","","16","PASTAZA","1601","PASTAZA","160155","FATIMA","RURAL","ZONA 3"
"001359","FATIMA","","13","MANABI","1301","PORTOVIEJO","130107","FRANCISCO PACHECO","URBANO","ZONA 4"
"001199","FEDERICO INTRIAGO","","12","LOS RIOS","1211","VALENCIA","121150","VALENCIA (RURAL)","RURAL","ZONA 5"
"000245","FERNANDEZ SALVADOR","","04","CARCHI","0405","MONTUFAR","040553","FERNANDEZ SALVADOR","RURAL","ZONA 1"
"001625","FERROVIARIA ALTA","","17","PICHINCHA","1701","DISTRITO METROPOLITANO DE QUITO","170119","LA FERROVIARIA","URBANO","ZONA 9"
"001628","FERROVIARIA BAJA","","17","PICHINCHA","1701","DISTRITO METROPOLITANO DE QUITO","170119","LA FERROVIARIA","URBANO","ZONA 9"
"000793","FICOA DE MONTALVO","","09","GUAYAS","0901","GUAYAQUIL","090112","TARQUI","URBANO","ZONA 8"
"000807","FLOR DEL BASTION 1","","09","GUAYAS","0901","GUAYAQUIL","090115","PASCUALES","URBANO","ZONA 8"
"000808","FLOR DEL BASTION 2","","09","GUAYAS","0901","GUAYAQUIL","090115","PASCUALES","URBANO","ZONA 8"
"000809","FLOR DEL BASTION 3","","09","GUAYAS","0901","GUAYAQUIL","090115","PASCUALES","URBANO","ZONA 8"
"000393","FLORES","","06","CHIMBORAZO","0601","RIOBAMBA","060154","FLORES","RURAL","ZONA 3"
"000743","FLORESTA","","09","GUAYAS","0901","GUAYAQUIL","090114","XIMENA","URBANO","ZONA 8"
"000739","FLORIDA","","09","GUAYAS","0901","GUAYAQUIL","090114","XIMENA","URBANO","ZONA 8"
"001156","FORTUNA BAJA","","02","BOLIVAR","0202","CHILLANES","020251","SAN JOSE DEL TAMBO (TAMBOPAMBA)","RURAL","ZONA 5"
"001051","FRONTERAS SALUDABLES","","11","LOJA","1108","MACARA","110802","MACARA (MANUEL ENRIQUE RENGEL SUQUILANDA)","URBANO","ZONA 7"
"001339","FRUTILLO","","13","MANABI","1312","ROCAFUERTE","131250","ROCAFUERTE","RURAL","ZONA 4"
"001194","FUMISA","","12","LOS RIOS","1210","BUENA FE","121050","SAN JACINTO DE BUENA FE (RURAL)","RURAL","ZONA 5"
"002905","FUNDECRUZ","","04","CARCHI","0402","BOLIVAR","040252","LOS ANDES","RURAL","ZONA 1"
"000643","GALERA","","08","ESMERALDAS","0803","MUISNE","080353","GALERA","RURAL","ZONA 1"
"000806","GALLEGOS LARA","","09","GUAYAS","0901","GUAYAQUIL","090112","TARQUI","URBANO","ZONA 8"
"001185","GALO PLAZA","","12","LOS RIOS","1205","QUEVEDO","120508","24 DE MAYO","URBANO","ZONA 5"
"001611","GANGOTENA POSSE (CASA CUNA)","","17","PICHINCHA","1701","DISTRITO METROPOLITANO DE QUITO","170103","CENTRO HISTORICO","URBANO","ZONA 9"
"002007","GARCIA MORENO","","22","ORELLANA","2201","ORELLANA","220156","GARCIA MORENO","RURAL","ZONA 2"
"000261","GARCIA MORENO","","04","CARCHI","0402","BOLIVAR","040251","GARCIA MORENO","RURAL","ZONA 1"
"000991","GARCIA MORENO","","10","IMBABURA","1003","COTACACHI","100352","GARCIA MORENO (LLURIMAGUA)","RURAL","ZONA 1"
"001640","GATAZO","","17","PICHINCHA","1701","DISTRITO METROPOLITANO DE QUITO","170128","SAN BARTOLO","URBANO","ZONA 9"
"001986","GENERAL FARFAN","","21","SUCUMBIOS","2101","LAGO AGRIO","210153","GENERAL FARFAN","RURAL","ZONA 1"
"000208","GENERAL MORALES","","03","CAÑAR","0303","CAÑAR","030353","GENERAL MORALES (SOCARTE)","RURAL","ZONA 6"
"000894","GENERAL VERNAZA","","09","GUAYAS","0919","SALITRE","091951","GENERAL VERNAZA (DOS ESTEROS)","RURAL","ZONA 5"
"001005","GONZALES SUAREZ","","10","IMBABURA","1004","OTAVALO","100453","GONZALEZ SUAREZ","RURAL","ZONA 1"
"001046","GONZANAMA","","11","LOJA","1107","GONZANAMA","110750","GONZANAMA","RURAL","ZONA 7"
"000442","GONZOL","","06","CHIMBORAZO","0605","CHUNCHI","060553","GONZOL","RURAL","ZONA 3"
"000054","GUACHAPALA","","01","AZUAY","0114","GUACHAPALA","011450","GUACHAPALA","RURAL","ZONA 6"
"001918","GUADALUPE","","19","ZAMORA CHINCHIPE","1901","ZAMORA","190152","GUADALUPE","RURAL","ZONA 7"
"001175","GUALBERTO ANDRIUOLI","","12","LOS RIOS","1203","MONTALVO","120350","MONTALVO","RURAL","ZONA 5"
"000274","GUALCHAN","","04","CARCHI","0403","ESPEJO","040351","EL GOALTAL","RURAL","ZONA 1"
"001348","GUALE","","13","MANABI","1310","PAJAN","131053","GUALE","RURAL","ZONA 4"
"001729","GUALEA","","17","PICHINCHA","1701","DISTRITO METROPOLITANO DE QUITO","170161","GUALEA","RURAL","ZONA 9"
"000215","GUALLETURO","","03","CAÑAR","0303","CAÑAR","030354","GUALLETURO","RURAL","ZONA 6"
"000952","GUALSAQUI","","10","IMBABURA","1004","OTAVALO","100455","SAN JOSE DE QUICHINCHE","RURAL","ZONA 1"
"000570","GUANAZAN","","07","EL ORO","0713","ZARUMA","071353","GUANAZAN","RURAL","ZONA 7"
"000340","GUANGAJE","","05","COTOPAXI","0504","PUJILI","050453","GUANGAJE","RURAL","ZONA 3"
"001773","GUANGOPOLO","","17","PICHINCHA","1701","DISTRITO METROPOLITANO DE QUITO","170162","GUANGOPOLO","RURAL","ZONA 9"
"000128","GUANUJO","","02","BOLIVAR","0201","GUARANDA","020103","GUANUJO","URBANO","ZONA 5"
"000173","GUAPAN","","03","CAÑAR","0301","AZOGUES","030153","GUAPAN","RURAL","ZONA 6"
"000057","GUARAINAG","","01","AZUAY","0105","PAUTE","010556","GUARAINAG","RURAL","ZONA 6"
"001229","GUARE","","12","LOS RIOS","1202","BABA","120251","GUARE","RURAL","ZONA 5"
"000835","GUARUMAL","","09","GUAYAS","0906","DAULE","090650","DAULE (RURAL)","RURAL","ZONA 5"
"000311","GUASAGANDA","","05","COTOPAXI","0502","LA MANA","050251","GUASAGANDA (CAB. EN GUASAGANDA CENTRO)","RURAL","ZONA 3"
"000740","GUASMO CENTRAL","","09","GUAYAS","0901","GUAYAQUIL","090114","XIMENA","URBANO","ZONA 8"
"000734","GUASMO NORTE","","09","GUAYAS","0901","GUAYAQUIL","090114","XIMENA","URBANO","ZONA 8"
"000749","GUASMO OESTE MANGLAR","","09","GUAYAS","0901","GUAYAQUIL","090114","XIMENA","URBANO","ZONA 8"
"000733","GUASMO SUR","","09","GUAYAS","0901","GUAYAQUIL","090114","XIMENA","URBANO","ZONA 8"
"000436","GUASUNTOS","","06","CHIMBORAZO","0602","ALAUSI","060253","GUASUNTOS","RURAL","ZONA 3"
"001269","GUAYABALES","","13","MANABI","1307","JUNIN","130750","JUNIN","RURAL","ZONA 4"
"001759","GUAYLLABAMBA","","17","PICHINCHA","1701","DISTRITO METROPOLITANO DE QUITO","170163","GUAYLLABAMBA","RURAL","ZONA 9"
"002044","GUAYUSA","","22","ORELLANA","2201","ORELLANA","220160","SAN JOSE DE GUAYUSA","RURAL","ZONA 2"
"001926","GUAYZIMI","","19","ZAMORA CHINCHIPE","1903","NANGARITZA","190350","GUAYZIMI","RURAL","ZONA 7"
"000079","GUEL","","01","AZUAY","0109","SIGSIG","010953","GUEL","RURAL","ZONA 6"
"000571","GUIZHAGUINA","","07","EL ORO","0713","ZARUMA","071354","GUIZHAGUIÑA","RURAL","ZONA 7"
"000265","HATO DE MIRA","","04","CARCHI","0404","MIRA","040450","MIRA (CHONTAHUASI)","RURAL","ZONA 1"
"001099","HEROES DEL CENEPA","","11","LOJA","1101","LOJA","110106","PUNZARA","URBANO","ZONA 7"
"001654","HIERBA BUENA 1","","17","PICHINCHA","1701","DISTRITO METROPOLITANO DE QUITO","170116","LA ARGELIA","URBANO","ZONA 9"
"001655","HIERBA BUENA 2","","17","PICHINCHA","1701","DISTRITO METROPOLITANO DE QUITO","170116","LA ARGELIA","URBANO","ZONA 9"
"002743","HOJA BLANCA","","08","ESMERALDAS","0802","ELOY ALFARO","080259","SANTO DOMINGO DE ONZOLE","RURAL","ZONA 1"
"001389","HONORATO VASQUEZ","","13","MANABI","1313","SANTA ANA","131352","HONORATO VASQUEZ (CAB EN VASQUEZ)","RURAL","ZONA 4"
"000196","HONORATO VAZQUEZ","","03","CAÑAR","0303","CAÑAR","030355","HONORATO VASQUEZ (TAMBO VIEJO)","RURAL","ZONA 6"
"001307","HORACIO HIDROVO","","13","MANABI","1308","MANTA","130805","ELOY ALFARO","URBANO","ZONA 4"
"000242","HUACA","","04","CARCHI","0406","SAN PEDRO DE HUACA","040650","HUACA","RURAL","ZONA 1"
"001872","HUACHI CHICO","","18","TUNGURAHUA","1801","AMBATO","180103","HUACHI CHICO","URBANO","ZONA 3"
"001833","HUACHI GRANDE","","18","TUNGURAHUA","1801","AMBATO","180155","HUACHI GRANDE","RURAL","ZONA 3"
"001861","HUALCANGA SANTA ANITA","","18","TUNGURAHUA","1806","QUERO","180650","QUERO","RURAL","ZONA 3"
"000556","HUALTACO","","07","EL ORO","0707","HUAQUILLAS","070703","HUALTACO","URBANO","ZONA 7"
"001493","HUAMBI","","14","MORONA SANTIAGO","1406","SUCUA","140652","HUAMBI","RURAL","ZONA 6"
"001854","HUAPANTE","","18","TUNGURAHUA","1808","SANTIAGO DE PILLARO","180855","SAN ANDRES","RURAL","ZONA 3"
"002033","HUATICOCHA","","22","ORELLANA","2204","LORETO","220455","SAN VICENTE DE HUATICOCHA","RURAL","ZONA 2"
"000572","HUERTAS","","07","EL ORO","0713","ZARUMA","071355","HUERTAS","RURAL","ZONA 7"
"000438","HUIGRA","","06","CHIMBORAZO","0602","ALAUSI","060254","HUIGRA","RURAL","ZONA 3"
"002035","HUIRUNO","","22","ORELLANA","2204","LORETO","220451","AVILA (CAB. EN HUIRUNO)","RURAL","ZONA 2"
"000453","ILAPO","","06","CHIMBORAZO","0607","GUANO","060752","ILAPO","RURAL","ZONA 3"
"000999","ILUMAN","","10","IMBABURA","1004","OTAVALO","100456","SAN JUAN DE ILUMAN","RURAL","ZONA 1"
"000987","IMANTAG","","10","IMBABURA","1003","COTACACHI","100353","IMANTAG","RURAL","ZONA 1"
"000986","IMBAYA","","10","IMBABURA","1002","ANTONIO ANTE","100251","IMBAYA (SAN LUIS DE COBUENDO)","RURAL","ZONA 1"
"001469","INDANZA","","14","MORONA SANTIAGO","1403","LIMON INDANZA","140351","INDANZA","RURAL","ZONA 6"
"000825","INES MARIA","","09","GUAYAS","0922","SIMON BOLIVAR","092251","CORONEL LORENZO DE GARAYCOA (PEDREGAL)","RURAL","ZONA 5"
"001272","INES MORENO","","13","MANABI","1302","BOLIVAR","130250","CALCETA","RURAL","ZONA 4"
"000202","INGAPIRCA","","03","CAÑAR","0303","CAÑAR","030356","INGAPIRCA","RURAL","ZONA 6"
"000259","INGUEZA","","04","CARCHI","0403","ESPEJO","040302","27 DE SEPTIEMBRE","URBANO","ZONA 1"
"001491","INNFA SUCUA","","14","MORONA SANTIAGO","1406","SUCUA","140650","SUCUA","RURAL","ZONA 6"
"000879","ISIDRO AYORA","","09","GUAYAS","0928","ISIDRO AYORA","092850","ISIDRO AYORA","RURAL","ZONA 5"
"000325","ISINLIVI","","05","COTOPAXI","0507","SIGCHOS","050752","ISINLIVI","RURAL","ZONA 3"
"001231","ISLA DE BEJUCAL","","12","LOS RIOS","1202","BABA","120252","ISLA DE BEJUCAL","RURAL","ZONA 5"
"002906","ITS","","12","LOS RIOS","1205","QUEVEDO","120508","24 DE MAYO","URBANO","ZONA 5"
"001879","IZAMBA","","18","TUNGURAHUA","1801","AMBATO","180156","IZAMBA","RURAL","ZONA 3"
"001394","JABONCILLO","","13","MANABI","1316","24 DE MAYO","131651","BELLAVISTA","RURAL","ZONA 4"
"000049","JADAN","","01","AZUAY","0103","GUALACEO","010353","JADAN","RURAL","ZONA 6"
"001659","JAIME ROLDOS AGUILERA","","17","PICHINCHA","1701","DISTRITO METROPOLITANO DE QUITO","170110","EL CONDADO","URBANO","ZONA 9"
"001963","JAMBELI","","21","SUCUMBIOS","2101","LAGO AGRIO","210157","JAMBELI","RURAL","ZONA 1"
"001620","JARDIN DEL VALLE","","17","PICHINCHA","1701","DISTRITO METROPOLITANO DE QUITO","170125","PUENGASI","URBANO","ZONA 9"
"000429","JATUMPAMBA","","06","CHIMBORAZO","0606","GUAMOTE","060650","GUAMOTE","RURAL","ZONA 3"
"000185","JATUMPAMBA","","03","CAÑAR","0301","AZOGUES","030158","SAN MIGUEL","RURAL","ZONA 6"
"001719","JATUNPUNGO","","17","PICHINCHA","1705","RUMIÑAHUI","170501","SANGOLQUI (URBANO)","URBANO","ZONA 2"
"001208","JAUNECHE","","12","LOS RIOS","1209","PALENQUE","120950","PALENQUE","RURAL","ZONA 5"
"000172","JAVIER LOYOLA","","03","CAÑAR","0301","AZOGUES","030154","JAVIER LOYOLA (CHUQUIPATA)","RURAL","ZONA 6"
"000876","JERUSALEN","","09","GUAYAS","0914","PEDRO CARBO","091450","PEDRO CARBO","RURAL","ZONA 5"
"000865","JESUS MARIA","","09","GUAYAS","0911","NARANJAL","091151","JESUS MARIA","RURAL","ZONA 5"
"000044","JIMA","","01","AZUAY","0109","SIGSIG","010952","GIMA","RURAL","ZONA 6"
"001093","JIMBILLA","","11","LOJA","1101","LOJA","110155","JIMBILLA","RURAL","ZONA 7"
"001037","JIMBURA","","11","LOJA","1106","ESPINDOLA","110652","JIMBURA","RURAL","ZONA 7"
"000301","JOSE GUANGO ALTO","","05","COTOPAXI","0501","LATACUNGA","050156","MULALO","RURAL","ZONA 3"
"000354","JOSE GUANGO BAJO","","05","COTOPAXI","0501","LATACUNGA","050154","JOSEGUANGO BAJO","RURAL","ZONA 3"
"002094","JOSE LUIS TAMAYO","","24","SANTA ELENA","2403","SALINAS","240352","JOSE LUIS TAMAYO (MUEY)","RURAL","ZONA 5"
"000445","JOYAGSHI","","06","CHIMBORAZO","0605","CHUNCHI","060554","LLAGOS","RURAL","ZONA 3"
"000838","JUAN BAUTISTA AGUIRRE","","09","GUAYAS","0906","DAULE","090652","JUAN BAUTISTA AGUIRRE (LOS TINTOS)","RURAL","ZONA 5"
"001827","JUAN BENIGNO VELA","","18","TUNGURAHUA","1801","AMBATO","180157","JUAN BENIGNO VELA","RURAL","ZONA 3"
"000426","JUAN DE VELASCO","","06","CHIMBORAZO","0603","COLTA","060353","JUAN DE VELASCO (PANGOR)","RURAL","ZONA 3"
"002063","JUAN EULOGIO PAZ Y MIÑO","","23","SANTO DOMINGO DE LOS TSACHILAS","2301","SANTO DOMINGO","230102","BOMBOLI","URBANO","ZONA 4"
"000788","JUAN MONTALVO","","09","GUAYAS","0901","GUAYAQUIL","090112","TARQUI","URBANO","ZONA 8"
"002764","JUAN MONTALVO","","17","PICHINCHA","1702","CAYAMBE","170203","JUAN MONTALVO","URBANO","ZONA 2"
"002097","JUAN MONTALVO","","24","SANTA ELENA","2401","SANTA ELENA","240150","SANTA ELENA (RURAL)","RURAL","ZONA 5"
"000264","JUAN MONTALVO (SAN IGNACIO DE QUIL)","","04","CARCHI","0404","MIRA","040453","JUAN MONTALVO (SAN IGNACIO DE QUIL)","RURAL","ZONA 1"
"001328","JULCUY","","13","MANABI","1306","JIPIJAPA","130653","JULCUY","RURAL","ZONA 4"
"000286","JULIO ANDRADE","","04","CARCHI","0401","TULCAN","040153","JULIO ANDRADE (OREJUELA)","RURAL","ZONA 1"
"002095","JULIO MORENO","","24","SANTA ELENA","2401","SANTA ELENA","240155","SIMON BOLIVAR (JULIO MORENO)","RURAL","ZONA 5"
"000140","JULIO MORENO (CATANAHUAN G.)","","02","BOLIVAR","0201","GUARANDA","020153","JULIO E. MORENO (CATANAHUAN GRANDE)","RURAL","ZONA 5"
"000532","JUMON","","07","EL ORO","0712","SANTA ROSA","071204","JUMON (SATELITE)","URBANO","ZONA 7"
"000897","JUNQUILLAL","","09","GUAYAS","0919","SALITRE","091953","JUNQUILLAL","RURAL","ZONA 5"
"001154","JUNTA NUEVA","","02","BOLIVAR","0202","CHILLANES","020251","SAN JOSE DEL TAMBO (TAMBOPAMBA)","RURAL","ZONA 5"
"000791","JUSTICIA SOCIAL","","09","GUAYAS","0901","GUAYAQUIL","090112","TARQUI","URBANO","ZONA 8"
"001436","KASHPAIM","","14","MORONA SANTIAGO","1401","MORONA","140157","SEVILLA DON BOSCO","RURAL","ZONA 6"
"001578","KUMAY","","16","PASTAZA","1601","PASTAZA","160162","SIMON BOLIVAR (CAB. EN MUSHULLACTA)","RURAL","ZONA 3"
"002776","KUPI 4","","22","ORELLANA","2201","ORELLANA","220151","DAYUMA","RURAL","ZONA 2"
"000658","LA ""T""","","08","ESMERALDAS","0804","QUININDE","080453","MALIMPIA","RURAL","ZONA 1"
"001689","LA ABUNDANCIA","","17","PICHINCHA","1709","PUERTO QUITO","170950","PUERTO QUITO","RURAL","ZONA 2"
"002021","LA ANDINA","","22","ORELLANA","2201","ORELLANA","220157","INES ARANGO (CAB. EN WESTERN)","RURAL","ZONA 2"
"001653","LA ARGELIA","","17","PICHINCHA","1701","DISTRITO METROPOLITANO DE QUITO","170116","LA ARGELIA","URBANO","ZONA 9"
"085469","LA AURORA","","09","GUAYAS","0906","DAULE","090602","LA AURORA (SATÉLITE)","URBANO","ZONA 5"
"000533","LA AVANZADA","","07","EL ORO","0712","SANTA ROSA","071253","LA AVANZADA","RURAL","ZONA 7"
"001349","LA BALSA","","13","MANABI","1310","PAJAN","131051","CAMPOZANO (LA PALMA DE PAJAN)","RURAL","ZONA 4"
"001378","LA BALSITA","","13","MANABI","1301","PORTOVIEJO","130155","RIOCHICO (RIO CHICO)","RURAL","ZONA 4"
"002006","LA BELLEZA CENTRAL","","22","ORELLANA","2201","ORELLANA","220158","LA BELLEZA","RURAL","ZONA 2"
"002004","LA BELLEZA MONO I","","22","ORELLANA","2201","ORELLANA","220158","LA BELLEZA","RURAL","ZONA 2"
"000559","LA BOCANA","","07","EL ORO","0710","PIÑAS","071052","LA BOCANA","RURAL","ZONA 7"
"001959","LA BONITA","","21","SUCUMBIOS","2105","SUCUMBIOS","210550","LA BONITA","RURAL","ZONA 1"
"001674","LA BOTA","","17","PICHINCHA","1701","DISTRITO METROPOLITANO DE QUITO","170105","COMITE DEL PUEBLO","URBANO","ZONA 9"
"001401","LA BRAMADORA","","13","MANABI","1304","EL CARMEN","130450","EL CARMEN (RURAL)","RURAL","ZONA 4"
"002118","LA CAOBA","","13","MANABI","1304","EL CARMEN","130453","SANTA MARIA (CAB EN SANTA MARIA)","RURAL","ZONA 4"
"001230","LA CARMELA","","12","LOS RIOS","1202","BABA","120251","GUARE","RURAL","ZONA 5"
"000964","LA CAROLINA","","10","IMBABURA","1001","IBARRA","100153","CAROLINA","RURAL","ZONA 1"
"001172","LA CAROLINA","","12","LOS RIOS","1201","BABAHOYO","120154","PIMOCHA","RURAL","ZONA 5"
"001901","LA CHONTA","","19","ZAMORA CHINCHIPE","1902","CHINCHIPE","190254","LA CHONTA","RURAL","ZONA 7"
"001006","LA COMPANIA","","10","IMBABURA","1004","OTAVALO","100401","JORDAN","URBANO","ZONA 1"
"000262","LA CONCEPCION","","04","CARCHI","0404","MIRA","040451","CONCEPCION","RURAL","ZONA 1"
"000544","LA CUCA","","07","EL ORO","0702","ARENILLAS","070256","LA CUCA","RURAL","ZONA 7"
"002005","LA DELICIA","","22","ORELLANA","2201","ORELLANA","220158","LA BELLEZA","RURAL","ZONA 2"
"001922","LA DIVERSION","","19","ZAMORA CHINCHIPE","1902","CHINCHIPE","190250","ZUMBA","RURAL","ZONA 7"
"001748","LA ECUATORIANA","","17","PICHINCHA","1701","DISTRITO METROPOLITANO DE QUITO","170118","LA ECUATORIANA","URBANO","ZONA 9"
"001379","LA ENCANTADA","","13","MANABI","1301","PORTOVIEJO","130155","RIOCHICO (RIO CHICO)","RURAL","ZONA 4"
"002123","LA ERMITA","","17","PICHINCHA","1701","DISTRITO METROPOLITANO DE QUITO","170120","LA LIBERTAD","URBANO","ZONA 9"
"001177","LA ESMERALDA","","12","LOS RIOS","1203","MONTALVO","120351","LA ESMERALDA","RURAL","ZONA 5"
"000963","LA ESPERANZA","","10","IMBABURA","1001","IBARRA","100154","LA ESPERANZA","RURAL","ZONA 1"
"001703","LA ESPERANZA","","17","PICHINCHA","1704","PEDRO MONCAYO","170451","LA ESPERANZA","RURAL","ZONA 2"
"001191","LA ESPERANZA","","12","LOS RIOS","1205","QUEVEDO","120555","LA ESPERANZA","RURAL","ZONA 5"
"000872","LA ESTACADA","","09","GUAYAS","0914","PEDRO CARBO","091450","PEDRO CARBO","RURAL","ZONA 5"
"001270","LA ESTANCILLA","","13","MANABI","1315","TOSAGUA","131552","ANGEL PEDRO GILER (LA ESTANCILLA)","RURAL","ZONA 4"
"001629","LA FORESTAL","","17","PICHINCHA","1701","DISTRITO METROPOLITANO DE QUITO","170119","LA FERROVIARIA","URBANO","ZONA 9"
"000372","LA GEORGINA","","06","CHIMBORAZO","0601","RIOBAMBA","060103","VELASCO","URBANO","ZONA 3"
"000831","LA GUAYAQUIL","","09","GUAYAS","0904","BALZAR","090450","BALZAR","RURAL","ZONA 5"
"000490","LA IBERIA","","07","EL ORO","0701","MACHALA","070150","MACHALA (RURAL)","RURAL","ZONA 7"
"000604","LA INDEPENDENCIA","","08","ESMERALDAS","0804","QUININDE","080455","LA UNION","RURAL","ZONA 1"
"001212","LA INDUSTRIA","","12","LOS RIOS","1206","URDANETA","120651","RICAURTE","RURAL","ZONA 5"
"001749","LA INMACULADA","","17","PICHINCHA","1701","DISTRITO METROPOLITANO DE QUITO","170111","GUAMANI","URBANO","ZONA 9"
"000724","LA ISLA","","09","GUAYAS","0923","CORONEL MARCELINO MARIDUEÑA","092350","CORONEL MARCELINO MARIDUEÑA (SAN CARLOS)","RURAL","ZONA 5"
"001187","LA ISLA","","12","LOS RIOS","1205","QUEVEDO","120506","SAN CRISTOBAL","URBANO","ZONA 5"
"001750","LA ISLA SOLANDA","","17","PICHINCHA","1701","DISTRITO METROPOLITANO DE QUITO","170131","SOLANDA","URBANO","ZONA 9"
"000769","LA LAGUNA","","09","GUAYAS","0901","GUAYAQUIL","090104","FEBRES CORDERO","URBANO","ZONA 8"
"000257","LA LIBERTAD","","04","CARCHI","0403","ESPEJO","040352","LA LIBERTAD (ALIZO)","RURAL","ZONA 1"
"001649","LA LIBERTAD","","17","PICHINCHA","1701","DISTRITO METROPOLITANO DE QUITO","170120","LA LIBERTAD","URBANO","ZONA 9"
"000996","LA MAGDALENA","","10","IMBABURA","1003","COTACACHI","100352","GARCIA MORENO (LLURIMAGUA)","RURAL","ZONA 1"
"000651","LA MARUJITA","","08","ESMERALDAS","0804","QUININDE","080450","ROSA ZARATE (QUININDE)","RURAL","ZONA 1"
"001774","LA MERCED","","17","PICHINCHA","1701","DISTRITO METROPOLITANO DE QUITO","170164","LA MERCED","RURAL","ZONA 9"
"000066","LA MERCED","","01","AZUAY","0112","EL PAN","011253","SAN VICENTE","RURAL","ZONA 6"
"001293","LA MOCORA","","13","MANABI","1320","JAMA","132050","JAMA","RURAL","ZONA 4"
"002054","LA MODELO","","23","SANTO DOMINGO DE LOS TSACHILAS","2301","SANTO DOMINGO","230101","ABRAHAM CALAZACON","URBANO","ZONA 4"
"000111","LA PALMA","","02","BOLIVAR","0201","GUARANDA","020155","SALINAS","RURAL","ZONA 5"
"000374","LA PANADERIA","","06","CHIMBORAZO","0601","RIOBAMBA","060103","VELASCO","URBANO","ZONA 3"
"000246","LA PAZ","","04","CARCHI","0405","MONTUFAR","040554","LA PAZ","RURAL","ZONA 1"
"002032","LA PAZ","","22","ORELLANA","2204","LORETO","220454","SAN JOSE DE DAHUANO","RURAL","ZONA 2"
"000555","LA PAZ","","07","EL ORO","0707","HUAQUILLAS","070704","MILTON REYES","URBANO","ZONA 7"
"000516","LA PEAÑA","","07","EL ORO","0709","PASAJE","070953","LA PEAÑA","RURAL","ZONA 7"
"001876","LA PENINSULA","","18","TUNGURAHUA","1801","AMBATO","180106","LA PENINSULA","URBANO","ZONA 3"
"001098","LA PRADERA","","11","LOJA","1101","LOJA","110102","SAN SEBASTIAN","URBANO","ZONA 7"
"000609","LA PROPICIA II","","08","ESMERALDAS","0801","ESMERALDAS","080102","5 DE AGOSTO","URBANO","ZONA 1"
"001682","LA PULIDA","","17","PICHINCHA","1701","DISTRITO METROPOLITANO DE QUITO","170104","COCHAPAMBA","URBANO","ZONA 9"
"000224","LA PUNTILLA","","03","CAÑAR","0304","LA TRONCAL","030452","PANCHO NEGRO","RURAL","ZONA 6"
"001646","LA RAYA","","17","PICHINCHA","1701","DISTRITO METROPOLITANO DE QUITO","170122","LA MENA","URBANO","ZONA 9"
"001679","LA RUMIÑAHUI","","17","PICHINCHA","1701","DISTRITO METROPOLITANO DE QUITO","170115","KENNEDY","URBANO","ZONA 9"
"001317","LA SEQUITA","","13","MANABI","1309","MONTECRISTI","130950","MONTECRISTI (RURAL)","RURAL","ZONA 4"
"000688","LA TOLA","","08","ESMERALDAS","0802","ELOY ALFARO","080254","LA TOLA","RURAL","ZONA 1"
"001170","LA UNION","","12","LOS RIOS","1201","BABAHOYO","120155","LA UNION","RURAL","ZONA 5"
"001329","LA UNION","","13","MANABI","1306","JIPIJAPA","130654","LA UNION","RURAL","ZONA 4"
"001390","LA UNION","","13","MANABI","1313","SANTA ANA","131353","LA UNION","RURAL","ZONA 4"
"000895","LA VICTORIA","","09","GUAYAS","0919","SALITRE","091952","LA VICTORIA (ÑAUZA)","RURAL","ZONA 5"
"000534","LA VICTORIA","","07","EL ORO","0712","SANTA ROSA","071256","VICTORIA","RURAL","ZONA 7"
"000341","LA VICTORIA","","05","COTOPAXI","0504","PUJILI","050455","LA VICTORIA","RURAL","ZONA 3"
"001984","LA VICTORIA","","21","SUCUMBIOS","2104","SHUSHUFINDI","210450","SHUSHUFINDI","RURAL","ZONA 1"
"001741","LA VICTORIA CENTRAL","","17","PICHINCHA","1701","DISTRITO METROPOLITANO DE QUITO","170111","GUAMANI","URBANO","ZONA 9"
"000898","LA VIJA","","09","GUAYAS","0919","SALITRE","091951","GENERAL VERNAZA (DOS ESTEROS)","RURAL","ZONA 5"
"002079","LA VILLEGAS","","23","SANTO DOMINGO DE LOS TSACHILAS","2302","LA CONCORDIA","230252","LA VILLEGAS","RURAL","ZONA 4"
"000653","LA Y DE LA LAGUNA","","08","ESMERALDAS","0804","QUININDE","080451","CUBE","RURAL","ZONA 1"
"000634","LAGARTO","","08","ESMERALDAS","0807","RIOVERDE","080753","LAGARTO","RURAL","ZONA 1"
"001120","LAGUNAS","","11","LOJA","1111","SARAGURO","111150","SARAGURO","RURAL","ZONA 7"
"001048","LARAMA","","11","LOJA","1108","MACARA","110851","LARAMA","RURAL","ZONA 7"
"000536","LAS CAÑAS","","07","EL ORO","0712","SANTA ROSA","071205","NUEVO SANTA ROSA","URBANO","ZONA 7"
"000882","LAS CAÑAS","","09","GUAYAS","0924","LOMAS DE SARGENTILLO","092450","LOMAS DE SARGENTILLO","RURAL","ZONA 5"
"001297","LAS CAÑITAS","","13","MANABI","1314","SUCRE","131453","CHARAPOTO","RURAL","ZONA 4"
"001312","LAS CUMBRES","","13","MANABI","1308","MANTA","130804","TARQUI","URBANO","ZONA 4"
"001330","LAS DELICIAS","","13","MANABI","1306","JIPIJAPA","130657","PEDRO PABLO GOMEZ","RURAL","ZONA 4"
"002056","LAS DELICIAS","","23","SANTO DOMINGO DE LOS TSACHILAS","2301","SANTO DOMINGO","230150","SANTO DOMINGO DE LOS COLORADOS (RURAL)","RURAL","ZONA 4"
"002116","LAS GOLONDRINAS","","10","IMBABURA","1003","COTACACHI","100352","GARCIA MORENO (LLURIMAGUA)","RURAL","ZONA 1"
"000112","LAS GUARDIAS","","02","BOLIVAR","0205","SAN MIGUEL","020552","BILOVAN","RURAL","ZONA 5"
"000551","LAS LAJAS","","07","EL ORO","0714","LAS LAJAS","071401","LA VICTORIA (URBANO)","URBANO","ZONA 7"
"000839","LAS LOJAS","","09","GUAYAS","0906","DAULE","090656","LOS LOJAS (ENRIQUE BAQUERIZO MORENO)","RURAL","ZONA 5"
"000880","LAS MERCEDES","","09","GUAYAS","0928","ISIDRO AYORA","092850","ISIDRO AYORA","RURAL","ZONA 5"
"001397","LAS MERCEDES","","13","MANABI","1316","24 DE MAYO","131653","ARQUITECTO SIXTO DURAN BALLEN","RURAL","ZONA 4"
"002065","LAS MERCEDES","","23","SANTO DOMINGO DE LOS TSACHILAS","2301","SANTO DOMINGO","230150","SANTO DOMINGO DE LOS COLORADOS (RURAL)","RURAL","ZONA 4"
"000116","LAS NAVES","","02","BOLIVAR","0207","LAS NAVES","020702","LAS NAVES","URBANO","ZONA 5"
"001396","LAS PAJITAS","","13","MANABI","1316","24 DE MAYO","131653","ARQUITECTO SIXTO DURAN BALLEN","RURAL","ZONA 4"
"000355","LAS PAMPAS","","05","COTOPAXI","0507","SIGCHOS","050753","LAS PAMPAS","RURAL","ZONA 3"
"000692","LAS PEÑAS","","08","ESMERALDAS","0802","ELOY ALFARO","080265","SANTA LUCIA DE LAS PEÑAS","RURAL","ZONA 1"
"000855","LAS PIÑAS","","09","GUAYAS","0910","MILAGRO","091009","LAS PIÑAS","URBANO","ZONA 5"
"001350","LASCANO","","13","MANABI","1310","PAJAN","131054","LASCANO","RURAL","ZONA 4"
"000836","LAUREL","","09","GUAYAS","0906","DAULE","090653","LAUREL","RURAL","ZONA 5"
"001056","LAURO GUERRERO","","11","LOJA","1109","PALTAS","110954","LAURO GUERRERO","RURAL","ZONA 7"
"000067","LAZUL","","01","AZUAY","0105","PAUTE","010562","DUG DUG","RURAL","ZONA 6"
"000820","LIBERTAD DE ÑAUZA","","09","GUAYAS","0902","ALFREDO BAQUERIZO MORENO","090250","ALFREDO BAQUERIZO MORENO (JUJAN)","RURAL","ZONA 5"
"002064","LIBERTAD DEL TOACHI","","23","SANTO DOMINGO DE LOS TSACHILAS","2301","SANTO DOMINGO","230150","SANTO DOMINGO DE LOS COLORADOS (RURAL)","RURAL","ZONA 4"
"000379","LICAN","","06","CHIMBORAZO","0601","RIOBAMBA","060155","LICAN","RURAL","ZONA 3"
"000390","LICTO","","06","CHIMBORAZO","0601","RIOBAMBA","060156","LICTO","RURAL","ZONA 3"
"000834","LIMONAL","","09","GUAYAS","0906","DAULE","090654","LIMONAL","RURAL","ZONA 5"
"001981","LIMONCOCHA","","21","SUCUMBIOS","2104","SHUSHUFINDI","210451","LIMONCOCHA","RURAL","ZONA 1"
"000965","LITA","","10","IMBABURA","1001","IBARRA","100155","LITA","RURAL","ZONA 1"
"000012","LLACAO","","01","AZUAY","0101","CUENCA","010156","LLACAO","RURAL","ZONA 6"
"000446","LLAGOS","","06","CHIMBORAZO","0605","CHUNCHI","060554","LLAGOS","RURAL","ZONA 3"
"001675","LLANO CHICO","","17","PICHINCHA","1701","DISTRITO METROPOLITANO DE QUITO","170165","LLANO CHICO","RURAL","ZONA 9"
"001642","LLOA","","17","PICHINCHA","1701","DISTRITO METROPOLITANO DE QUITO","170166","LLOA","RURAL","ZONA 9"
"000399","LLUCUD","","06","CHIMBORAZO","0604","CHAMBO","060450","CHAMBO","RURAL","ZONA 3"
"001391","LODANA","","13","MANABI","1313","SANTA ANA","131302","LODANA","URBANO","ZONA 4"
"001492","LOGROÑO","","14","MORONA SANTIAGO","1410","LOGROÑO","141050","LOGROÑO","RURAL","ZONA 6"
"000517","LOMA DE FRANCO","","07","EL ORO","0709","PASAJE","070902","LOMA DE FRANCO","URBANO","ZONA 7"
"003986","LOMA GRANDE","","05","COTOPAXI","0501","LATACUNGA","050101","ELOY ALFARO (SAN FELIPE)","URBANO","ZONA 3"
"000822","LORENZO DE GARAICOA","","09","GUAYAS","0922","SIMON BOLIVAR","092251","CORONEL LORENZO DE GARAYCOA (PEDREGAL)","RURAL","ZONA 5"
"000628","LOS ALMENDROS","","08","ESMERALDAS","0801","ESMERALDAS","080103","ESMERALDAS (URBANO)","URBANO","ZONA 1"
"000247","LOS ANDES","","04","CARCHI","0402","BOLIVAR","040252","LOS ANDES","RURAL","ZONA 1"
"001225","LOS ANGELES","","12","LOS RIOS","1207","VENTANAS","120754","LOS ANGELES","RURAL","ZONA 5"
"001580","LOS ANGELES","","16","PASTAZA","1601","PASTAZA","160150","PUYO","RURAL","ZONA 3"
"001357","LOS ANGELES DE COLON","","13","MANABI","1301","PORTOVIEJO","130103","COLON","URBANO","ZONA 4"
"001372","LOS ARENALES","","13","MANABI","1301","PORTOVIEJO","130153","CRUCITA","RURAL","ZONA 4"
"001267","LOS CASADOS","","13","MANABI","1307","JUNIN","130750","JUNIN","RURAL","ZONA 4"
"000852","LOS CHONEROS","","09","GUAYAS","0904","BALZAR","090450","BALZAR","RURAL","ZONA 5"
"000875","LOS CORAZONES","","09","GUAYAS","0914","PEDRO CARBO","091450","PEDRO CARBO","RURAL","ZONA 5"
"001940","LOS ENCUENTROS","","19","ZAMORA CHINCHIPE","1905","YANTZAZA","190553","LOS ENCUENTROS","RURAL","ZONA 7"
"001303","LOS ESTEROS","","13","MANABI","1308","MANTA","130801","LOS ESTEROS","URBANO","ZONA 4"
"000858","LOS MONOS","","09","GUAYAS","0910","MILAGRO","091050","MILAGRO","RURAL","ZONA 5"
"000856","LOS PINOS","","09","GUAYAS","0910","MILAGRO","091008","ERNESTO SEMINARIO","URBANO","ZONA 5"
"001214","LOS SAUCES","","12","LOS RIOS","1206","URDANETA","120650","CATARAMA","RURAL","ZONA 5"
"001381","LOS TAMARINDOS","","13","MANABI","1301","PORTOVIEJO","130106","ANDRES VERA","URBANO","ZONA 4"
"001020","LUCERO","","11","LOJA","1102","CALVAS","110252","EL LUCERO","RURAL","ZONA 7"
"001163","LUCHA OBRERA","","12","LOS RIOS","1201","BABAHOYO","120101","CLEMENTE BAQUERIZO","URBANO","ZONA 5"
"000794","LUCHADORES DEL NORTE","","09","GUAYAS","0901","GUAYAQUIL","090112","TARQUI","URBANO","ZONA 8"
"000080","LUDO","","01","AZUAY","0109","SIGSIG","010954","LUDO","RURAL","ZONA 6"
"000052","LUIS CORDERO","","01","AZUAY","0103","GUALACEO","010359","LUIS CORDERO VEGA","RURAL","ZONA 6"
"000180","LUIS CORDERO","","03","CAÑAR","0301","AZOGUES","030155","LUIS CORDERO","RURAL","ZONA 6"
"001630","LULUNCOTO","","17","PICHINCHA","1701","DISTRITO METROPOLITANO DE QUITO","170109","CHIMBACALLE","URBANO","ZONA 9"
"001974","LUMBAQUI","","21","SUCUMBIOS","2102","GONZALO PIZARRO","210250","LUMBAQUI","RURAL","ZONA 1"
"001705","LUMBISI","","17","PICHINCHA","1701","DISTRITO METROPOLITANO DE QUITO","170157","CUMBAYA","RURAL","ZONA 9"
"001440","LUXEMBURGO","","14","MORONA SANTIAGO","1401","MORONA","140150","MACAS","RURAL","ZONA 6"
"001334","MACHALILLA","","13","MANABI","1319","PUERTO LOPEZ","131951","MACHALILLA","RURAL","ZONA 4"
"000009","MACHANGARA","","01","AZUAY","0101","CUENCA","010108","MACHANGARA","URBANO","ZONA 6"
"001449","MACUMA","","14","MORONA SANTIAGO","1409","TAISHA","140952","MACUMA","RURAL","ZONA 6"
"001576","MADRE TIERRA","","16","PASTAZA","1602","MERA","160251","MADRE TIERRA","RURAL","ZONA 3"
"000135","MAGDALENA (CHAPOCOTO)","","02","BOLIVAR","0203","CHIMBO","020353","LA MAGDALENA (CHAPACOTO)","RURAL","ZONA 5"
"000619","MAJUA","","08","ESMERALDAS","0801","ESMERALDAS","080159","MAJUA","RURAL","ZONA 1"
"001104","MALACATOS  (VALLADOLID)","","11","LOJA","1101","LOJA","110156","MALACATOS (VALLADOLID)","RURAL","ZONA 7"
"001700","MALCHINGUI","","17","PICHINCHA","1704","PEDRO MONCAYO","170452","MALCHINGUI","RURAL","ZONA 2"
"000678","MALDONADO","","08","ESMERALDAS","0802","ELOY ALFARO","080256","MALDONADO","RURAL","ZONA 1"
"000287","MALDONADO","","04","CARCHI","0401","TULCAN","040154","MALDONADO","RURAL","ZONA 1"
"000656","MALIMPIA","","08","ESMERALDAS","0804","QUININDE","080453","MALIMPIA","RURAL","ZONA 1"
"000573","MALVAS","","07","EL ORO","0713","ZARUMA","071356","MALVAS","RURAL","ZONA 7"
"002089","MANANTIAL DE GUANGALA","","24","SANTA ELENA","2401","SANTA ELENA","240152","COLONCHE","RURAL","ZONA 5"
"001319","MANANTIALES","","13","MANABI","1309","MONTECRISTI","130950","MONTECRISTI (RURAL)","RURAL","ZONA 4"
"001082","MANGAHURCO","","11","LOJA","1113","ZAPOTILLO","111351","MANGAHURCO","RURAL","ZONA 7"
"001116","MANU","","11","LOJA","1111","SARAGURO","111154","MANU","RURAL","ZONA 7"
"000222","MANUEL J CALLE","","03","CAÑAR","0304","LA TRONCAL","030451","MANUEL J. CALLE","RURAL","ZONA 6"
"000790","MAPASINGUE ESTE","","09","GUAYAS","0901","GUAYAQUIL","090112","TARQUI","URBANO","ZONA 8"
"000566","MARCABELI","","07","EL ORO","0708","MARCABELI","070850","MARCABELI","RURAL","ZONA 7"
"000868","MARCELINO MARIDUEÑA","","09","GUAYAS","0923","CORONEL MARCELINO MARIDUEÑA","092350","CORONEL MARCELINO MARIDUEÑA (SAN CARLOS)","RURAL","ZONA 5"
"001767","MARIANITAS","","17","PICHINCHA","1701","DISTRITO METROPOLITANO DE QUITO","170155","CALDERON (CARAPUNGO)","RURAL","ZONA 9"
"000972","MARIANO ACOSTA","","10","IMBABURA","1005","PIMAMPIRO","100552","MARIANO ACOSTA","RURAL","ZONA 1"
"000050","MARIANO MORENO","","01","AZUAY","0103","GUALACEO","010354","MARIANO MORENO","RURAL","ZONA 6"
"000861","MARISCAL SUCRE","","09","GUAYAS","0910","MILAGRO","091053","MARISCAL SUCRE (HUAQUES)","RURAL","ZONA 5"
"000283","MARISCAL SUCRE","","04","CARCHI","0406","SAN PEDRO DE HUACA","040651","MARISCAL SUCRE","RURAL","ZONA 1"
"000732","MARIUXI FEBRES CORDERO","","09","GUAYAS","0901","GUAYAQUIL","090114","XIMENA","URBANO","ZONA 8"
"001751","MARTHA BUCARAM","","17","PICHINCHA","1701","DISTRITO METROPOLITANO DE QUITO","170118","LA ECUATORIANA","URBANO","ZONA 9"
"000537","MARTHA BUCARAN","","07","EL ORO","0712","SANTA ROSA","071202","PUERTO JELI","URBANO","ZONA 7"
"000238","MASCARILLA","","04","CARCHI","0404","MIRA","040450","MIRA (CHONTAHUASI)","RURAL","ZONA 1"
"001169","MATA DE CACAO","","12","LOS RIOS","1201","BABAHOYO","120153","FEBRES CORDERO (LAS JUNTAS)","RURAL","ZONA 5"
"000725","MATA DE PLATANO","","09","GUAYAS","0922","SIMON BOLIVAR","092250","SIMON BOLIVAR","RURAL","ZONA 5"
"001273","MATA PALO","","13","MANABI","1302","BOLIVAR","130250","CALCETA","RURAL","ZONA 4"
"000670","MATAJE","","08","ESMERALDAS","0805","SAN LORENZO","080557","MATAJE (CAB. EN SANTANDER)","RURAL","ZONA 1"
"001206","MATECITO","","12","LOS RIOS","1208","VINCES","120851","ANTONIO SOTOMAYOR (CAB. EN PLAYAS DE VINCES)","RURAL","ZONA 5"
"001742","MATILDE ALVAREZ","","17","PICHINCHA","1701","DISTRITO METROPOLITANO DE QUITO","170111","GUAMANI","URBANO","ZONA 9"
"000870","MATILDE ESTHER","","09","GUAYAS","0927","GENERAL  ANTONIO ELIZALDE","092750","GENERAL ANTONIO ELIZALDE (BUCAY)","RURAL","ZONA 5"
"001369","MEJIA","","13","MANABI","1301","PORTOVIEJO","130104","PICOAZA","URBANO","ZONA 4"
"001331","MEMBRILLAL","","13","MANABI","1306","JIPIJAPA","130656","MEMBRILLAL","RURAL","ZONA 4"
"001276","MEMBRILLO","","13","MANABI","1302","BOLIVAR","130251","MEMBRILLO","RURAL","ZONA 4"
"001684","MENA DEL HIERRO","","17","PICHINCHA","1701","DISTRITO METROPOLITANO DE QUITO","170110","EL CONDADO","URBANO","ZONA 9"
"001574","MERA","","16","PASTAZA","1602","MERA","160250","MERA","RURAL","ZONA 3"
"001500","MIAZAL ( MANKUSAS )","","14","MORONA SANTIAGO","1401","MORONA","140157","SEVILLA DON BOSCO","RURAL","ZONA 6"
"001687","MINDO","","17","PICHINCHA","1707","SAN MIGUEL DE LOS BANCOS","170751","MINDO","RURAL","ZONA 2"
"002725","MIRAFLORES","","13","MANABI","1316","24 DE MAYO","131650","SUCRE","RURAL","ZONA 4"
"001087","MIRAFLORES","","11","LOJA","1101","LOJA","110106","PUNZARA","URBANO","ZONA 7"
"001535","MISAHUALLI","","15","NAPO","1501","TENA","150155","PUERTO MISAHUALLI","RURAL","ZONA 2"
"001976","MISS ECUADOR","","21","SUCUMBIOS","2104","SHUSHUFINDI","210450","SHUSHUFINDI","RURAL","ZONA 1"
"001841","MOCHA","","18","TUNGURAHUA","1804","MOCHA","180450","MOCHA","RURAL","ZONA 3"
"001593","MONTALVO","","16","PASTAZA","1601","PASTAZA","160156","MONTALVO (ANDOAS)","RURAL","ZONA 3"
"000635","MONTALVO","","08","ESMERALDAS","0807","RIOVERDE","080754","MONTALVO (CAB EN HORQUETA)","RURAL","ZONA 1"
"001266","MONTAÑITA","","13","MANABI","1307","JUNIN","130750","JUNIN","RURAL","ZONA 4"
"002815","MONTERREY","","14","MORONA SANTIAGO","1402","GUALAQUIZA","140253","BOMBOIZA","RURAL","ZONA 6"
"002077","MONTERREY","","23","SANTO DOMINGO DE LOS TSACHILAS","2302","LA CONCORDIA","230251","MONTERREY","RURAL","ZONA 4"
"002104","MONTEVERDE","","24","SANTA ELENA","2401","SANTA ELENA","240152","COLONCHE","RURAL","ZONA 5"
"002060","MONTONEROS DE ALFARO","","23","SANTO DOMINGO DE LOS TSACHILAS","2301","SANTO DOMINGO","230101","ABRAHAM CALAZACON","URBANO","ZONA 4"
"000581","MORALES","","07","EL ORO","0711","PORTOVELO","071152","MORALES","RURAL","ZONA 7"
"021215","MORETE PUYO","","16","PASTAZA","1601","PASTAZA","160150","PUYO","RURAL","ZONA 3"
"000561","MOROMORO","","07","EL ORO","0710","PIÑAS","071053","MOROMORO (CAB. EN EL VADO)","RURAL","ZONA 7"
"001090","MOTUPE","","11","LOJA","1101","LOJA","110105","CARIGAN","URBANO","ZONA 7"
"000335","MULALILLO","","05","COTOPAXI","0505","SALCEDO","050553","MULALILLO","RURAL","ZONA 3"
"000353","MULALO","","05","COTOPAXI","0501","LATACUNGA","050156","MULALO","RURAL","ZONA 3"
"000331","MULLIQUINDIL (SANTA ANA)","","05","COTOPAXI","0505","SALCEDO","050554","MULLIQUINDIL (SANTA ANA)","RURAL","ZONA 3"
"000424","MULTITUD","","06","CHIMBORAZO","0602","ALAUSI","060255","MULTITUD","RURAL","ZONA 3"
"001571","MUSULLACTA (SIMON BOLIVAR)","","16","PASTAZA","1601","PASTAZA","160162","SIMON BOLIVAR (CAB. EN MUSHULLACTA)","RURAL","ZONA 3"
"002802","MUYUNA","","15","NAPO","1501","TENA","150158","SAN JUAN DE MUYUNA","RURAL","ZONA 2"
"001121","NAMARIN","","11","LOJA","1111","SARAGURO","111150","SARAGURO","RURAL","ZONA 7"
"001047","NAMBACOLA","","11","LOJA","1107","GONZANAMA","110753","NAMBACOLA","RURAL","ZONA 7"
"001730","NANEGAL","","17","PICHINCHA","1701","DISTRITO METROPOLITANO DE QUITO","170168","NANEGAL","RURAL","ZONA 9"
"002113","NARANJAL","","10","IMBABURA","1003","COTACACHI","100352","GARCIA MORENO (LLURIMAGUA)","RURAL","ZONA 1"
"000663","NARANJAL DE CANANDE","","08","ESMERALDAS","0804","QUININDE","080453","MALIMPIA","RURAL","ZONA 1"
"000984","NATABUELA","","10","IMBABURA","1002","ANTONIO ANTE","100252","SAN FCO. DE NATABUELA","RURAL","ZONA 1"
"001289","NAUSE","","13","MANABI","1303","CHONE","130302","SANTA RITA","URBANO","ZONA 4"
"001676","NAYON","","17","PICHINCHA","1701","DISTRITO METROPOLITANO DE QUITO","170170","NAYON","RURAL","ZONA 9"
"000189","NAZON","","03","CAÑAR","0302","BIBLIAN","030251","NAZON (CAB. EN PAMPA DE DOMINGUEZ)","RURAL","ZONA 6"
"001200","NI UN PASO ATRAS","","12","LOS RIOS","1211","VALENCIA","121150","VALENCIA (RURAL)","RURAL","ZONA 5"
"001186","NICOLAS INFANTE","","12","LOS RIOS","1205","QUEVEDO","120505","NICOLAS INFANTE DIAZ","URBANO","ZONA 5"
"000437","NIZAG","","06","CHIMBORAZO","0602","ALAUSI","060250","ALAUSI","RURAL","ZONA 3"
"001395","NOBOA","","13","MANABI","1316","24 DE MAYO","131652","NOBOA","RURAL","ZONA 4"
"001685","NONO","","17","PICHINCHA","1701","DISTRITO METROPOLITANO DE QUITO","170171","NONO","RURAL","ZONA 9"
"002050","NUEVA AURORA","","23","SANTO DOMINGO DE LOS TSACHILAS","2301","SANTO DOMINGO","230101","ABRAHAM CALAZACON","URBANO","ZONA 4"
"001650","NUEVA AURORA","","17","PICHINCHA","1701","DISTRITO METROPOLITANO DE QUITO","170120","LA LIBERTAD","URBANO","ZONA 9"
"002081","NUEVA CONCORDIA","","23","SANTO DOMINGO DE LOS TSACHILAS","2302","LA CONCORDIA","230250","LA CONCORDIA","RURAL","ZONA 4"
"001352","NUEVA ESPERANZA","","13","MANABI","1310","PAJAN","131051","CAMPOZANO (LA PALMA DE PAJAN)","RURAL","ZONA 4"
"001309","NUEVA ESPERANZA","","13","MANABI","1308","MANTA","130805","ELOY ALFARO","URBANO","ZONA 4"
"000190","NUEVA JERUSALEN","","03","CAÑAR","0302","BIBLIAN","030254","JERUSALEN","RURAL","ZONA 6"
"001463","NUEVA TARQUI","","14","MORONA SANTIAGO","1402","GUALAQUIZA","140256","NUEVA TARQUI","RURAL","ZONA 6"
"001198","NUEVA UNION","","12","LOS RIOS","1211","VALENCIA","121103","LA NUEVA UNION","URBANO","ZONA 5"
"001451","NUEVE DE OCTUBRE","","14","MORONA SANTIAGO","1401","MORONA","140151","ALSHI (CAB EN 9 DE OCTUBRE)","RURAL","ZONA 6"
"002062","NUEVO ISRAEL","","23","SANTO DOMINGO DE LOS TSACHILAS","2301","SANTO DOMINGO","230150","SANTO DOMINGO DE LOS COLORADOS (RURAL)","RURAL","ZONA 4"
"001385","NUEVO PORTOVIEJO","","13","MANABI","1301","PORTOVIEJO","130107","FRANCISCO PACHECO","URBANO","ZONA 4"
"001219","NUEVO SAN JUAN","","12","LOS RIOS","1204","PUEBLOVIEJO","120452","SAN JUAN","RURAL","ZONA 5"
"000518","NUEVOS HORIZONTES","","07","EL ORO","0709","PASAJE","070904","LOS TRES CERRITOS","URBANO","ZONA 7"
"000013","NULTI","","01","AZUAY","0101","CUENCA","010158","NULTI","RURAL","ZONA 6"
"001084","OBRAPIA","","11","LOJA","1101","LOJA","110103","SUCRE","URBANO","ZONA 7"
"001631","OBRERO INDEPENDIENTE","","17","PICHINCHA","1701","DISTRITO METROPOLITANO DE QUITO","170125","PUENGASI","URBANO","ZONA 9"
"000015","OCTAVIO CORDERO PALACIOS","","01","AZUAY","0101","CUENCA","010159","OCTAVIO CORDERO PALACIOS (STA. ROSA)","RURAL","ZONA 6"
"001693","OLMEDO","","17","PICHINCHA","1702","CAYAMBE","170253","OLMEDO (PESILLO)","RURAL","ZONA 2"
"001053","OLMEDO","","11","LOJA","1116","OLMEDO","111650","OLMEDO","RURAL","ZONA 7"
"002087","OLON","","24","SANTA ELENA","2401","SANTA ELENA","240154","MANGLARALTO","RURAL","ZONA 5"
"001657","ORIENTE QUITENO","","17","PICHINCHA","1701","DISTRITO METROPOLITANO DE QUITO","170116","LA ARGELIA","URBANO","ZONA 9"
"001228","ORO VERDE","","12","LOS RIOS","1213","QUINSALOMA","121350","QUINSALOMA","RURAL","ZONA 5"
"001696","OTON","","17","PICHINCHA","1702","CAYAMBE","170254","OTON","RURAL","ZONA 2"
"000089","OÑA","","01","AZUAY","0110","OÑA","011050","SAN FELIPE DE OÑA","RURAL","ZONA 6"
"000979","PABLO ARENAS","","10","IMBABURA","1006","SAN MIGUEL DE URCUQUI","100653","PABLO ARENAS","RURAL","ZONA 1"
"000744","PABLO NERUDA","","09","GUAYAS","0901","GUAYAQUIL","090114","XIMENA","URBANO","ZONA 8"
"001443","PABLO VI","","14","MORONA SANTIAGO","1411","PABLO SEXTO","141150","PABLO SEXTO","RURAL","ZONA 6"
"001970","PACAYACU","","21","SUCUMBIOS","2101","LAGO AGRIO","210156","PACAYACU","RURAL","ZONA 1"
"001594","PACAYACU","","16","PASTAZA","1601","PASTAZA","160161","SARAYACU","RURAL","ZONA 3"
"000014","PACCHA","","01","AZUAY","0101","CUENCA","010160","PACCHA","RURAL","ZONA 6"
"001360","PACHECO","","13","MANABI","1301","PORTOVIEJO","130107","FRANCISCO PACHECO","URBANO","ZONA 4"
"001731","PACTO","","17","PICHINCHA","1701","DISTRITO METROPOLITANO DE QUITO","170172","PACTO","RURAL","ZONA 9"
"001081","PALETILLAS","","11","LOJA","1113","ZAPOTILLO","111354","PALETILLAS","RURAL","ZONA 7"
"000667","PALMA REAL ANCON","","08","ESMERALDAS","0805","SAN LORENZO","080552","ANCON (PICHANGAL) (CAB. EN PALMA REAL)","RURAL","ZONA 1"
"001967","PALMA ROJA","","21","SUCUMBIOS","2103","PUTUMAYO","210351","PALMA ROJA","RURAL","ZONA 1"
"000547","PALMALES","","07","EL ORO","0702","ARENILLAS","070254","PALMALES","RURAL","ZONA 7"
"000059","PALMAS","","01","AZUAY","0113","SEVILLA DE ORO","011352","PALMAS","RURAL","ZONA 6"
"001382","PALMAS JUNTAS","","13","MANABI","1301","PORTOVIEJO","130156","SAN PLACIDO","RURAL","ZONA 4"
"000428","PALMIRA","","06","CHIMBORAZO","0606","GUAMOTE","060652","PALMIRA","RURAL","ZONA 3"
"000358","PALOPO","","05","COTOPAXI","0501","LATACUNGA","050102","IGNACIO FLORES","URBANO","ZONA 3"
"000690","PAMPANAL DE BOLIVAR","","08","ESMERALDAS","0802","ELOY ALFARO","080257","PAMPANAL DE BOLIVAR","RURAL","ZONA 1"
"000223","PANCHO NEGRO","","03","CAÑAR","0304","LA TRONCAL","030452","PANCHO NEGRO","RURAL","ZONA 6"
"001532","PANO","","15","NAPO","1501","TENA","150154","PANO","RURAL","ZONA 2"
"000332","PANZALEO","","05","COTOPAXI","0505","SALCEDO","050555","PANSALEO","RURAL","ZONA 3"
"000333","PAPAHURCO","","05","COTOPAXI","0505","SALCEDO","050550","SAN MIGUEL","RURAL","ZONA 3"
"001542","PAPALLACTA","","15","NAPO","1507","QUIJOS","150753","PAPALLACTA","RURAL","ZONA 2"
"002052","PAQUISHA","","23","SANTO DOMINGO DE LOS TSACHILAS","2301","SANTO DOMINGO","230105","RIO VERDE","URBANO","ZONA 4"
"002069","PARAISO","","23","SANTO DOMINGO DE LOS TSACHILAS","2301","SANTO DOMINGO","230104","RIO TOACHI","URBANO","ZONA 4"
"001226","PASAJE (E. ORTEGA)","","12","LOS RIOS","1207","VENTANAS","120752","ZAPOTAL","RURAL","ZONA 5"
"001193","PATRICIA PILAR","","12","LOS RIOS","1210","BUENA FE","121051","PATRICIA PILAR","RURAL","ZONA 5"
"001483","PATUCA","","14","MORONA SANTIAGO","1405","SANTIAGO","140553","PATUCA","RURAL","ZONA 6"
"001521","PAUSHIYACU","","15","NAPO","1501","TENA","150150","TENA","RURAL","ZONA 2"
"001282","PAVON","","13","MANABI","1303","CHONE","130356","RICAURTE","RURAL","ZONA 4"
"002082","PECHICHE","","24","SANTA ELENA","2401","SANTA ELENA","240153","CHANDUY","RURAL","ZONA 5"
"000903","PEDRO J. MONTERO","","09","GUAYAS","0920","SAN JACINTO DE YAGUACHI","092053","GENERAL PEDRO J. MONTERO (BOLICHE)","RURAL","ZONA 5"
"000848","PEDRO MENEDEZ GILBERT","","09","GUAYAS","0907","DURAN","090703","DIVINO NIÑO","URBANO","ZONA 8"
"001332","PEDRO PABLO GOMEZ","","13","MANABI","1306","JIPIJAPA","130657","PEDRO PABLO GOMEZ","RURAL","ZONA 4"
"000953","PEGUCHE","","10","IMBABURA","1004","OTAVALO","100451","DOCTOR MIGUEL EGAS CABEZAS (PEGUCHE)","RURAL","ZONA 1"
"001760","PERUCHO","","17","PICHINCHA","1701","DISTRITO METROPOLITANO DE QUITO","170174","PERUCHO","RURAL","ZONA 9"
"001697","PESILLO","","17","PICHINCHA","1702","CAYAMBE","170253","OLMEDO (PESILLO)","RURAL","ZONA 2"
"000992","PEÑAHERRERA","","10","IMBABURA","1003","COTACACHI","100354","PEÑAHERRERA","RURAL","ZONA 1"
"000251","PIARTAL","","04","CARCHI","0405","MONTUFAR","040555","PIARTAL","RURAL","ZONA 1"
"001856","PICAIGUA","","18","TUNGURAHUA","1801","AMBATO","180160","PICAIGUA","RURAL","ZONA 3"
"000303","PIEDADCITA","","05","COTOPAXI","0503","PANGUA","050351","MORASPUNGO","RURAL","ZONA 3"
"001710","PIFO","","17","PICHINCHA","1701","DISTRITO METROPOLITANO DE QUITO","170175","PIFO","RURAL","ZONA 9"
"001210","PIJULLO","","12","LOS RIOS","1206","URDANETA","120651","RICAURTE","RURAL","ZONA 5"
"000313","PILALO","","05","COTOPAXI","0504","PUJILI","050456","PILALO","RURAL","ZONA 3"
"001320","PILE","","13","MANABI","1309","MONTECRISTI","130950","MONTECRISTI (RURAL)","RURAL","ZONA 4"
"001173","PIMOCHA","","12","LOS RIOS","1201","BABAHOYO","120154","PIMOCHA","RURAL","ZONA 5"
"001383","PIMPIGUASI","","13","MANABI","1301","PORTOVIEJO","130151","ABDON CALDERON (SAN FRANCISCO)","RURAL","ZONA 4"
"000731","PINAL DE ARRIBA","","09","GUAYAS","0918","SANTA LUCIA","091850","SANTA LUCIA","RURAL","ZONA 5"
"001065","PINDAL","","11","LOJA","1114","PINDAL","111450","PINDAL","RURAL","ZONA 7"
"000182","PINDILIG","","03","CAÑAR","0301","AZOGUES","030156","PINDILIG","RURAL","ZONA 6"
"001839","PINGUILI STO.DOMINGO","","18","TUNGURAHUA","1804","MOCHA","180451","PINGUILI","RURAL","ZONA 3"
"000305","PINLLOPATA","","05","COTOPAXI","0503","PANGUA","050352","PINLLOPATA","RURAL","ZONA 3"
"001363","PINONADA","","13","MANABI","1301","PORTOVIEJO","130106","ANDRES VERA","URBANO","ZONA 4"
"001775","PINTAG","","17","PICHINCHA","1701","DISTRITO METROPOLITANO DE QUITO","170176","PINTAG","RURAL","ZONA 9"
"001633","PIO XII","","17","PICHINCHA","1701","DISTRITO METROPOLITANO DE QUITO","170109","CHIMBACALLE","URBANO","ZONA 9"
"000241","PIOTER","","04","CARCHI","0401","TULCAN","040155","PIOTER","RURAL","ZONA 1"
"001667","PISULI","","17","PICHINCHA","1701","DISTRITO METROPOLITANO DE QUITO","170110","EL CONDADO","URBANO","ZONA 9"
"001572","PITIRISHCA","","16","PASTAZA","1601","PASTAZA","160162","SIMON BOLIVAR (CAB. EN MUSHULLACTA)","RURAL","ZONA 3"
"002796","PLAN DE VIVIENDA","","23","SANTO DOMINGO DE LOS TSACHILAS","2301","SANTO DOMINGO","230101","ABRAHAM CALAZACON","URBANO","ZONA 4"
"002078","PLAN PILOTO","","23","SANTO DOMINGO DE LOS TSACHILAS","2302","LA CONCORDIA","230253","PLAN PILOTO","RURAL","ZONA 4"
"000682","PLAYA DE ORO","","08","ESMERALDAS","0802","ELOY ALFARO","080255","LUIS VARGAS TORRES (CAB. EN PLAYA DE ORO)","RURAL","ZONA 1"
"000661","PLAYA DEL MUERTO","","08","ESMERALDAS","0804","QUININDE","080455","LA UNION","RURAL","ZONA 1"
"001622","PLAYA RICA","","17","PICHINCHA","1701","DISTRITO METROPOLITANO DE QUITO","170112","IÑAQUITO","URBANO","ZONA 9"
"002955","PLAYAS DE CUYABENO","","21","SUCUMBIOS","2107","CUYABENO","210751","CUYABENO","RURAL","ZONA 1"
"001998","PLAYON DE SAN FRANCISCO","","21","SUCUMBIOS","2105","SUCUMBIOS","210551","EL PLAYON DE SAN FRANCISCO","RURAL","ZONA 1"
"000318","POALO","","05","COTOPAXI","0501","LATACUNGA","050158","POALO","RURAL","ZONA 3"
"001668","POMASQUI","","17","PICHINCHA","1701","DISTRITO METROPOLITANO DE QUITO","170177","POMASQUI","RURAL","ZONA 9"
"002041","POMPEYA","","22","ORELLANA","2201","ORELLANA","220153","ALEJANDRO LABAKA","RURAL","ZONA 2"
"000730","PORVENIR","","09","GUAYAS","0918","SANTA LUCIA","091850","SANTA LUCIA","RURAL","ZONA 5"
"001815","PRESIDENTE URBINA","","18","TUNGURAHUA","1808","SANTIAGO DE PILLARO","180854","PRESIDENTE URBINA (CHAGRAPAMBA -PATZUCUL)","RURAL","ZONA 3"
"000728","PRIMAVERA","","09","GUAYAS","0912","NARANJITO","091250","NARANJITO","RURAL","ZONA 5"
"000846","PRIMAVERA II","","09","GUAYAS","0907","DURAN","090701","ELOY ALFARO (DURAN)","URBANO","ZONA 8"
"001368","PRIMERO DE MAYO","","13","MANABI","1301","PORTOVIEJO","130108","18 DE OCTUBRE","URBANO","ZONA 4"
"000047","PRINCIPAL","","01","AZUAY","0111","CHORDELEG","011151","PRINCIPAL","RURAL","ZONA 6"
"000961","PRIORATO","","10","IMBABURA","1001","IBARRA","100105","LA DOLOROSA DEL PRIORATO","URBANO","ZONA 1"
"001351","PROCEL","","13","MANABI","1310","PAJAN","131051","CAMPOZANO (LA PALMA DE PAJAN)","RURAL","ZONA 4"
"000884","PROGRESO","","09","GUAYAS","0901","GUAYAQUIL","090152","JUAN GOMEZ RENDON (PROGRESO)","RURAL","ZONA 8"
"000738","PROLETARIOS SIN TIERRA","","09","GUAYAS","0901","GUAYAQUIL","090114","XIMENA","URBANO","ZONA 8"
"001189","PROMEJORAS","","12","LOS RIOS","1205","QUEVEDO","120502","SAN CAMILO","URBANO","ZONA 5"
"001643","PROMOCION FAMILIAR","","17","PICHINCHA","1701","DISTRITO METROPOLITANO DE QUITO","170128","SAN BARTOLO","URBANO","ZONA 9"
"000811","PROSPERINA","","09","GUAYAS","0901","GUAYAQUIL","090112","TARQUI","URBANO","ZONA 8"
"002816","PROVEDURIA","","14","MORONA SANTIAGO","1402","GUALAQUIZA","140202","MERCEDES MOLINA","URBANO","ZONA 6"
"002031","PTO. MURIALDO","","22","ORELLANA","2204","LORETO","220452","PUERTO MURIALDO","RURAL","ZONA 2"
"000068","PUCARA","","01","AZUAY","0106","PUCARA","010650","PUCARA","RURAL","ZONA 6"
"000312","PUCAYACU","","05","COTOPAXI","0502","LA MANA","050252","PUCAYACU","RURAL","ZONA 3"
"001344","PUEBLITO","","13","MANABI","1312","ROCAFUERTE","131250","ROCAFUERTE","RURAL","ZONA 4"
"002726","PUEBLO NUEVO","","09","GUAYAS","0928","ISIDRO AYORA","092850","ISIDRO AYORA","RURAL","ZONA 5"
"001376","PUEBLO NUEVO","","13","MANABI","1301","PORTOVIEJO","130154","PUEBLO NUEVO","RURAL","ZONA 4"
"001168","PUEBLO NUEVO","","12","LOS RIOS","1201","BABAHOYO","120153","FEBRES CORDERO (LAS JUNTAS)","RURAL","ZONA 5"
"001392","PUEBLO NUEVO","","13","MANABI","1313","SANTA ANA","131355","SAN PABLO (CAB EN PUEBLO NUEVO)","RURAL","ZONA 4"
"001737","PUEBLO UNIDO","","17","PICHINCHA","1701","DISTRITO METROPOLITANO DE QUITO","170126","QUITUMBE","URBANO","ZONA 9"
"001761","PUELLARO","","17","PICHINCHA","1701","DISTRITO METROPOLITANO DE QUITO","170178","PUELLARO","RURAL","ZONA 9"
"001709","PUEMBO","","17","PICHINCHA","1701","DISTRITO METROPOLITANO DE QUITO","170179","PUEMBO","RURAL","ZONA 9"
"001634","PUENGASI 1","","17","PICHINCHA","1701","DISTRITO METROPOLITANO DE QUITO","170125","PUENGASI","URBANO","ZONA 9"
"001635","PUENGASI 2","","17","PICHINCHA","1701","DISTRITO METROPOLITANO DE QUITO","170125","PUENGASI","URBANO","ZONA 9"
"001165","PUERTA NEGRA","","12","LOS RIOS","1201","BABAHOYO","120101","CLEMENTE BAQUERIZO","URBANO","ZONA 5"
"001987","PUERTO AGUARICO","","21","SUCUMBIOS","2101","LAGO AGRIO","210150","NUEVA LOJA","RURAL","ZONA 1"
"001335","PUERTO CAYO","","13","MANABI","1306","JIPIJAPA","130658","PUERTO DE CAYO","RURAL","ZONA 4"
"002101","PUERTO CHANDUY","","24","SANTA ELENA","2401","SANTA ELENA","240153","CHANDUY","RURAL","ZONA 5"
"000885","PUERTO DEL MORRO","","09","GUAYAS","0901","GUAYAQUIL","090153","MORRO","RURAL","ZONA 8"
"001966","PUERTO LIBRE","","21","SUCUMBIOS","2102","GONZALO PIZARRO","210254","PUERTO LIBRE","RURAL","ZONA 1"
"002074","PUERTO LIMON","","23","SANTO DOMINGO DE LOS TSACHILAS","2301","SANTO DOMINGO","230152","PUERTO LIMON","RURAL","ZONA 4"
"001536","PUERTO NAPO","","15","NAPO","1501","TENA","150156","PUERTO NAPO","RURAL","ZONA 2"
"001217","PUERTO PECHICHE","","12","LOS RIOS","1204","PUEBLOVIEJO","120451","PUERTO PECHICHE","RURAL","ZONA 5"
"001527","PUERTO RICO","","15","NAPO","1501","TENA","150153","CHONTAPUNTA","RURAL","ZONA 2"
"000966","PUGACHO","","10","IMBABURA","1001","IBARRA","100103","EL SAGRARIO","URBANO","ZONA 1"
"004872","PUJILI","","05","COTOPAXI","0504","PUJILI","050450","PUJILI","RURAL","ZONA 3"
"000904","PUNA","","09","GUAYAS","0901","GUAYAQUIL","090157","PUNA","RURAL","ZONA 8"
"000391","PUNGALA","","06","CHIMBORAZO","0601","RIOBAMBA","060157","PUNGALA","RURAL","ZONA 3"
"000386","PUNIN","","06","CHIMBORAZO","0601","RIOBAMBA","060158","PUNIN","RURAL","ZONA 3"
"001000","PUNYARO","","10","IMBABURA","1004","OTAVALO","100402","SAN LUIS","URBANO","ZONA 1"
"001042","PURUNUMA (EGUIGUREN)","","11","LOJA","1107","GONZANAMA","110754","PURUNUMA (EGUIGUREN)","RURAL","ZONA 7"
"001001","QUICHINCHE","","10","IMBABURA","1004","OTAVALO","100455","SAN JOSE DE QUICHINCHE","RURAL","ZONA 1"
"001072","QUILANGA","","11","LOJA","1115","QUILANGA","111550","QUILANGA","RURAL","ZONA 7"
"000193","QUILLOAC","","03","CAÑAR","0303","CAÑAR","030350","CAÑAR","RURAL","ZONA 6"
"000400","QUIMIAG","","06","CHIMBORAZO","0601","RIOBAMBA","060159","QUIMIAG","RURAL","ZONA 3"
"001838","QUINCHICOTO","","18","TUNGURAHUA","1809","TISALEO","180951","QUINCHICOTO","RURAL","ZONA 3"
"000030","QUINGEO","","01","AZUAY","0101","CUENCA","010161","QUINGEO","RURAL","ZONA 6"
"000988","QUIROGA","","10","IMBABURA","1003","COTACACHI","100356","QUIROGA","RURAL","ZONA 1"
"001275","QUIROGA","","13","MANABI","1302","BOLIVAR","130252","QUIROGA","RURAL","ZONA 4"
"000142","QUISACOTO","","02","BOLIVAR","0205","SAN MIGUEL","020550","SAN MIGUEL","RURAL","ZONA 5"
"001817","QUISAPINCHA","","18","TUNGURAHUA","1801","AMBATO","180162","QUISAPINCHA (QUIZAPINCHA)","RURAL","ZONA 3"
"001644","QUITO SUR","","17","PICHINCHA","1701","DISTRITO METROPOLITANO DE QUITO","170128","SAN BARTOLO","URBANO","ZONA 9"
"000304","RAMON CAMPAÑ­A","","05","COTOPAXI","0503","PANGUA","050353","RAMON CAMPAÑA","RURAL","ZONA 3"
"000494","RAYITO DE LUZ","","07","EL ORO","0701","MACHALA","070150","MACHALA (RURAL)","RURAL","ZONA 7"
"000153","REGULO DE MORA","","02","BOLIVAR","0205","SAN MIGUEL","020553","REGULO DE MORA","RURAL","ZONA 5"
"000736","REINA DEL QUINCHE","","09","GUAYAS","0901","GUAYAQUIL","090114","XIMENA","URBANO","ZONA 8"
"000004","REMIGIO CRESPO","","01","AZUAY","0103","GUALACEO","010356","REMIGIO CRESPO TORAL (GULAG)","RURAL","ZONA 6"
"001338","RESBALON","","13","MANABI","1312","ROCAFUERTE","131250","ROCAFUERTE","RURAL","ZONA 4"
"001399","RESBALON","","13","MANABI","1316","24 DE MAYO","131652","NOBOA","RURAL","ZONA 4"
"000673","RICAURTE","","08","ESMERALDAS","0805","SAN LORENZO","080561","TULULBI (CAB. EN RICAURTE)","RURAL","ZONA 1"
"001281","RICAURTE","","13","MANABI","1303","CHONE","130356","RICAURTE","RURAL","ZONA 4"
"000722","RIO BALAO","","01","AZUAY","0108","SANTA ISABEL","010852","EL CARMEN DE PIJILI","RURAL","ZONA 6"
"001450","RIO BLANCO","","14","MORONA SANTIAGO","1401","MORONA","140164","RIO BLANCO","RURAL","ZONA 6"
"000508","RIO BONITO","","07","EL ORO","0706","EL GUABO","070654","RIO BONITO","RURAL","ZONA 7"
"000823","RIO CHICO","","09","GUAYAS","0922","SIMON BOLIVAR","092251","CORONEL LORENZO DE GARAYCOA (PEDREGAL)","RURAL","ZONA 5"
"000506","RIO JUBONES","","07","EL ORO","0706","EL GUABO","070652","LA IBERIA","RURAL","ZONA 7"
"001882","RIO NEGRO","","18","TUNGURAHUA","1802","BAÑOS DE AGUA SANTA","180252","RIO NEGRO","RURAL","ZONA 3"
"001811","RIO VERDE","","18","TUNGURAHUA","1802","BAÑOS DE AGUA SANTA","180253","RIO VERDE","RURAL","ZONA 3"
"001261","RIOCHICO","","13","MANABI","1301","PORTOVIEJO","130155","RIOCHICO (RIO CHICO)","RURAL","ZONA 4"
"000183","RIVERA","","03","CAÑAR","0301","AZOGUES","030157","RIVERA","RURAL","ZONA 6"
"000862","ROBERTO ASTUDILLO","","09","GUAYAS","0910","MILAGRO","091054","ROBERTO ASTUDILLO (CAB. EN CRUCE DE VENECIA)","RURAL","ZONA 5"
"000636","ROCAFUERTE","","08","ESMERALDAS","0807","RIOVERDE","080755","ROCAFUERTE","RURAL","ZONA 1"
"001716","RUMIPAMBA","","17","PICHINCHA","1705","RUMIÑAHUI","170552","RUMIPAMBA","RURAL","ZONA 2"
"000750","RUMIÑAHUI","","09","GUAYAS","0901","GUAYAQUIL","090114","XIMENA","URBANO","ZONA 8"
"001030","SABANILLA","","11","LOJA","1104","CELICA","110456","SABANILLA","RURAL","ZONA 7"
"000873","SABANILLA","","09","GUAYAS","0914","PEDRO CARBO","091452","SABANILLA","RURAL","ZONA 5"
"001050","SABIANGO (LA CAPILLA)","","11","LOJA","1108","MACARA","110853","SABIANGO (LA CAPILLA)","RURAL","ZONA 7"
"001043","SACAPALCA","","11","LOJA","1107","GONZANAMA","110756","SACAPALCA","RURAL","ZONA 7"
"000228","SAGEO","","03","CAÑAR","0302","BIBLIAN","030252","SAN FRANCISCO DE SAGEO","RURAL","ZONA 6"
"001732","SAGUANGAL","","17","PICHINCHA","1701","DISTRITO METROPOLITANO DE QUITO","170172","PACTO","RURAL","ZONA 9"
"001209","SALAMPE","","12","LOS RIOS","1206","URDANETA","120651","RICAURTE","RURAL","ZONA 5"
"001333","SALANGO","","13","MANABI","1319","PUERTO LOPEZ","131952","SALANGO","RURAL","ZONA 4"
"000583","SALATI","","07","EL ORO","0711","PORTOVELO","071153","SALATI","RURAL","ZONA 7"
"000967","SALINAS","","10","IMBABURA","1001","IBARRA","100156","SALINAS","RURAL","ZONA 1"
"000123","SALINAS","","02","BOLIVAR","0201","GUARANDA","020155","SALINAS","RURAL","ZONA 5"
"000574","SALVIAS","","07","EL ORO","0713","ZARUMA","071359","SALVIAS","RURAL","ZONA 7"
"001160","SAN AGUSTIN","","12","LOS RIOS","1201","BABAHOYO","120102","CAMILO PONCE","URBANO","ZONA 5"
"001295","SAN AGUSTIN KM 20","","13","MANABI","1314","SUCRE","131450","BAHIA DE CARAQUEZ (RURAL)","RURAL","ZONA 4"
"001365","SAN ALEJO","","13","MANABI","1301","PORTOVIEJO","130106","ANDRES VERA","URBANO","ZONA 4"
"001851","SAN ANDRES","","18","TUNGURAHUA","1808","SANTIAGO DE PILLARO","180855","SAN ANDRES","RURAL","ZONA 3"
"000455","SAN ANDRES","","06","CHIMBORAZO","0607","GUANO","060754","SAN ANDRES","RURAL","ZONA 3"
"002918","SAN ANTONIO","","24","SANTA ELENA","2401","SANTA ELENA","240154","MANGLARALTO","RURAL","ZONA 5"
"001278","SAN ANTONIO","","13","MANABI","1303","CHONE","130357","SAN ANTONIO","RURAL","ZONA 4"
"000538","SAN ANTONIO","","07","EL ORO","0712","SANTA ROSA","071254","SAN ANTONIO","RURAL","ZONA 7"
"002773","SAN ANTONIO","","09","GUAYAS","0912","NARANJITO","091250","NARANJITO","RURAL","ZONA 5"
"000968","SAN ANTONIO","","10","IMBABURA","1001","IBARRA","100157","SAN ANTONIO","RURAL","ZONA 1"
"001071","SAN ANTONIO DE LAS ARADAS","","11","LOJA","1115","QUILANGA","111552","SAN ANTONIO DE LAS ARADAS (CAB. EN LAS ARADAS)","RURAL","ZONA 7"
"000216","SAN ANTONIO DE PAGUANCAY","","03","CAÑAR","0303","CAÑAR","030358","SAN ANTONIO","RURAL","ZONA 6"
"001057","SAN ANTONIO DE PALTAS","","11","LOJA","1109","PALTAS","110957","SAN ANTONIO","RURAL","ZONA 7"
"001271","SAN BARTOLO","","13","MANABI","1302","BOLIVAR","130250","CALCETA","RURAL","ZONA 4"
"000082","SAN BARTOLOME","","01","AZUAY","0109","SIGSIG","010955","SAN BARTOLOME","RURAL","ZONA 6"
"000980","SAN BLAS","","10","IMBABURA","1006","SAN MIGUEL DE URCUQUI","100654","SAN BLAS","RURAL","ZONA 1"
"002013","SAN CARLOS","","22","ORELLANA","2203","LA JOYA DE LOS SACHAS","220353","SAN CARLOS","RURAL","ZONA 2"
"001190","SAN CARLOS","","12","LOS RIOS","1205","QUEVEDO","120553","SAN CARLOS","RURAL","ZONA 5"
"000863","SAN CARLOS","","09","GUAYAS","0911","NARANJAL","091152","SAN CARLOS","RURAL","ZONA 5"
"001911","SAN CARLOS DE LAS MINAS","","19","ZAMORA CHINCHIPE","1901","ZAMORA","190158","SAN CARLOS DE LAS MINAS","RURAL","ZONA 7"
"000648","SAN CARLOS TONSUPA","","08","ESMERALDAS","0806","ATACAMES","080654","TONSUPA","RURAL","ZONA 1"
"001089","SAN CAYETANO","","11","LOJA","1101","LOJA","110104","VALLE","URBANO","ZONA 7"
"001342","SAN CLEMENTE","","13","MANABI","1314","SUCRE","131453","CHARAPOTO","RURAL","ZONA 4"
"000060","SAN CRISTOBAL","","01","AZUAY","0105","PAUTE","010559","SAN CRISTOBAL (CARLOS ORDOÑEZ LAZO)","RURAL","ZONA 6"
"001370","SAN CRISTOBAL","","13","MANABI","1301","PORTOVIEJO","130108","18 DE OCTUBRE","URBANO","ZONA 4"
"001343","SAN ELOY","","13","MANABI","1312","ROCAFUERTE","131250","ROCAFUERTE","RURAL","ZONA 4"
"000071","SAN FERNANDO","","01","AZUAY","0107","SAN FERNANDO","010750","SAN FERNANDO","RURAL","ZONA 6"
"001721","SAN FERNANDO","","17","PICHINCHA","1705","RUMIÑAHUI","170501","SANGOLQUI (URBANO)","URBANO","ZONA 2"
"000280","SAN FRANCISCO","","04","CARCHI","0401","TULCAN","040101","GONZALEZ SUAREZ","URBANO","ZONA 1"
"002868","SAN FRANCISCO","","22","ORELLANA","2204","LORETO","220453","SAN JOSE DE PAYAMINO","RURAL","ZONA 2"
"000665","SAN FRANCISCO DE  BOGOTA","","08","ESMERALDAS","0805","SAN LORENZO","080559","SANTA RITA","RURAL","ZONA 1"
"000042","SAN GABRIEL CHAUCHA","","01","AZUAY","0101","CUENCA","010153","CHAUCHA","RURAL","ZONA 6"
"002049","SAN GABRIEL DEL BABA","","23","SANTO DOMINGO DE LOS TSACHILAS","2301","SANTO DOMINGO","230150","SANTO DOMINGO DE LOS COLORADOS (RURAL)","RURAL","ZONA 4"
"000463","SAN GERARDO","","06","CHIMBORAZO","0607","GUANO","060755","SAN GERARDO DE PACAICAGUAN","RURAL","ZONA 3"
"000074","SAN GERARDO","","01","AZUAY","0102","GIRON","010252","SAN GERARDO","RURAL","ZONA 6"
"000094","SAN GERARDO","","01","AZUAY","0115","CAMILO PONCE ENRIQUEZ","011550","CAMILO PONCE ENRIQUEZ","RURAL","ZONA 6"
"002727","SAN GERONIMO","","09","GUAYAS","0916","SAMBORONDON","091651","TARIFA","RURAL","ZONA 8"
"000695","SAN GREGORIO","","08","ESMERALDAS","0803","MUISNE","080357","SAN GREGORIO","RURAL","ZONA 1"
"001018","SAN GUILLIN","","11","LOJA","1102","CALVAS","110254","SANGUILLIN","RURAL","ZONA 7"
"000416","SAN GUISEL","","06","CHIMBORAZO","0603","COLTA","060352","COLUMBE","RURAL","ZONA 3"
"000260","SAN ISIDRO","","04","CARCHI","0403","ESPEJO","040353","SAN ISIDRO","RURAL","ZONA 1"
"001341","SAN JACINTO","","13","MANABI","1314","SUCRE","131453","CHARAPOTO","RURAL","ZONA 4"
"000832","SAN JACINTO DE BALZAR","","09","GUAYAS","0904","BALZAR","090450","BALZAR","RURAL","ZONA 5"
"000833","SAN JACINTO DE COLIMES","","09","GUAYAS","0905","COLIMES","090551","SAN JACINTO","RURAL","ZONA 5"
"002067","SAN JACINTO DEL BUA","","23","SANTO DOMINGO DE LOS TSACHILAS","2301","SANTO DOMINGO","230154","SAN JACINTO DEL BUA","RURAL","ZONA 4"
"000671","SAN JAVIER","","08","ESMERALDAS","0805","SAN LORENZO","080558","SAN JAVIER DE CACHAVI (CAB. EN SAN JAVIER)","RURAL","ZONA 1"
"000034","SAN JOAQUIN","","01","AZUAY","0101","CUENCA","010163","SAN JOAQUIN","RURAL","ZONA 6"
"002797","SAN JOAQUIN","","12","LOS RIOS","1203","MONTALVO","120350","MONTALVO","RURAL","ZONA 5"
"001566","SAN JORGE","","16","PASTAZA","1603","SANTA CLARA","160350","SANTA CLARA","RURAL","ZONA 3"
"001304","SAN JOSE","","13","MANABI","1308","MANTA","130804","TARQUI","URBANO","ZONA 4"
"002096","SAN JOSE DE ANCON","","24","SANTA ELENA","2401","SANTA ELENA","240156","SAN JOSE DE ANCON","RURAL","ZONA 5"
"001869","SAN JOSE DE ANGAHUANA","","18","TUNGURAHUA","1801","AMBATO","180152","ATAHUALPA (CHISALATA)","RURAL","ZONA 3"
"001762","SAN JOSE DE MINAS","","17","PICHINCHA","1701","DISTRITO METROPOLITANO DE QUITO","170181","SAN JOSE DE MINAS","RURAL","ZONA 9"
"001623","SAN JOSE DE MONJAS","","17","PICHINCHA","1701","DISTRITO METROPOLITANO DE QUITO","170125","PUENGASI","URBANO","ZONA 9"
"001763","SAN JOSE DE MORAN","","17","PICHINCHA","1701","DISTRITO METROPOLITANO DE QUITO","170155","CALDERON (CARAPUNGO)","RURAL","ZONA 9"
"001488","SAN JOSE DE MORONA","","14","MORONA SANTIAGO","1412","TIWINTZA","141251","SAN JOSE DE MORONA","RURAL","ZONA 6"
"001812","SAN JOSE DE POALO","","18","TUNGURAHUA","1808","SANTIAGO DE PILLARO","180856","SAN JOSE DE POALO","RURAL","ZONA 3"
"000045","SAN JOSE DE RARANGA","","01","AZUAY","0109","SIGSIG","010956","SAN JOSE DE RARANGA","RURAL","ZONA 6"
"000150","SAN JOSE DEL TAMBO","","02","BOLIVAR","0202","CHILLANES","020251","SAN JOSE DEL TAMBO (TAMBOPAMBA)","RURAL","ZONA 5"
"000403","SAN JUAN","","06","CHIMBORAZO","0601","RIOBAMBA","060160","SAN JUAN","RURAL","ZONA 3"
"000051","SAN JUAN","","01","AZUAY","0103","GUALACEO","010357","SAN JUAN","RURAL","ZONA 6"
"001299","SAN JUAN","","13","MANABI","1308","MANTA","130802","MANTA (URBANO)","URBANO","ZONA 4"
"001218","SAN JUAN","","12","LOS RIOS","1204","PUEBLOVIEJO","120452","SAN JUAN","RURAL","ZONA 5"
"001468","SAN JUAN BOSCO","","14","MORONA SANTIAGO","1408","SAN JUAN BOSCO","140850","SAN JUAN BOSCO","RURAL","ZONA 6"
"001764","SAN JUAN DE CALDERON","","17","PICHINCHA","1701","DISTRITO METROPOLITANO DE QUITO","170155","CALDERON (CARAPUNGO)","RURAL","ZONA 9"
"000579","SAN JUAN DE CERRO AZUL","","07","EL ORO","0703","ATAHUALPA","070355","SAN JUAN DE CERRO AZUL","RURAL","ZONA 7"
"000127","SAN JUAN DE LLULLUNDONGO","","02","BOLIVAR","0201","GUARANDA","020103","GUANUJO","URBANO","ZONA 5"
"001027","SAN JUAN DE POZUL","","11","LOJA","1104","CELICA","110455","POZUL (SAN JUAN DE POZUL)","RURAL","ZONA 7"
"001614","SAN JUAN INDEPENDENCIA","","17","PICHINCHA","1701","DISTRITO METROPOLITANO DE QUITO","170130","SAN JUAN","URBANO","ZONA 9"
"001613","SAN JUAN QUITO","","17","PICHINCHA","1701","DISTRITO METROPOLITANO DE QUITO","170130","SAN JUAN","URBANO","ZONA 9"
"002084","SAN JUDAS TADEO","","24","SANTA ELENA","2403","SALINAS","240301","CARLOS ESPINOZA LARREA","URBANO","ZONA 5"
"000145","SAN LORENZO","","02","BOLIVAR","0201","GUARANDA","020156","SAN LORENZO","RURAL","ZONA 5"
"001301","SAN LORENZO","","13","MANABI","1308","MANTA","130851","SAN LORENZO","RURAL","ZONA 4"
"001107","SAN LUCAS","","11","LOJA","1101","LOJA","110157","SAN LUCAS","RURAL","ZONA 7"
"000405","SAN LUIS","","06","CHIMBORAZO","0601","RIOBAMBA","060161","SAN LUIS","RURAL","ZONA 3"
"001752","SAN LUIS","","17","PICHINCHA","1701","DISTRITO METROPOLITANO DE QUITO","170108","CHILLOGALLO","URBANO","ZONA 9"
"002028","SAN LUIS DE ARMENIA","","22","ORELLANA","2201","ORELLANA","220161","SAN LUIS DE ARMENIA","RURAL","ZONA 2"
"000114","SAN LUIS DE PAMBIL","","02","BOLIVAR","0201","GUARANDA","020160","SAN LUIS DE PAMBIL","RURAL","ZONA 5"
"001484","SAN LUIS DEL ACHO","","14","MORONA SANTIAGO","1405","SANTIAGO","140554","SAN LUIS DE EL ACHO (CAB EN EL ACHO)","RURAL","ZONA 6"
"002917","SAN MARCOS","","24","SANTA ELENA","2401","SANTA ELENA","240152","COLONCHE","RURAL","ZONA 5"
"002994","SAN MARCOS","","04","CARCHI","0401","TULCAN","040159","EL CHICAL","RURAL","ZONA 1"
"000336","SAN MARCOS","","05","COTOPAXI","0505","SALCEDO","050550","SAN MIGUEL","RURAL","ZONA 3"
"001736","SAN MARTIN DE PORRES","","17","PICHINCHA","1701","DISTRITO METROPOLITANO DE QUITO","170126","QUITUMBE","URBANO","ZONA 9"
"001313","SAN MATEO","","13","MANABI","1308","MANTA","130803","SAN MATEO","URBANO","ZONA 4"
"000613","SAN MATEO","","08","ESMERALDAS","0801","ESMERALDAS","080163","SAN MATEO","RURAL","ZONA 1"
"000184","SAN MIGUEL","","03","CAÑAR","0301","AZOGUES","030158","SAN MIGUEL","RURAL","ZONA 6"
"000507","SAN MIGUEL DE BRASIL","","07","EL ORO","0706","EL GUABO","070654","RIO BONITO","RURAL","ZONA 7"
"001472","SAN MIGUEL DE CONCHAY","","14","MORONA SANTIAGO","1403","LIMON INDANZA","140356","SAN MIGUEL DE CONCHAY","RURAL","ZONA 6"
"001816","SAN MIGUELITO","","18","TUNGURAHUA","1808","SANTIAGO DE PILLARO","180857","SAN MIGUELITO","RURAL","ZONA 3"
"001406","SAN PABLO","","13","MANABI","1302","BOLIVAR","130250","CALCETA","RURAL","ZONA 4"
"001259","SAN PABLO","","13","MANABI","1301","PORTOVIEJO","130105","SAN PABLO","URBANO","ZONA 4"
"000132","SAN PABLO","","02","BOLIVAR","0205","SAN MIGUEL","020554","SAN PABLO (SAN PABLO DE ATENAS)","RURAL","ZONA 5"
"002098","SAN PABLO","","24","SANTA ELENA","2401","SANTA ELENA","240150","SANTA ELENA (RURAL)","RURAL","ZONA 5"
"001525","SAN PABLO DE USHPAYACU","","15","NAPO","1503","ARCHIDONA","150354","SAN PABLO DE USHPAYACU","RURAL","ZONA 2"
"002730","SAN PEDRO","","13","MANABI","1301","PORTOVIEJO","130106","ANDRES VERA","URBANO","ZONA 4"
"002102","SAN PEDRO","","24","SANTA ELENA","2401","SANTA ELENA","240154","MANGLARALTO","RURAL","ZONA 5"
"002979","SAN PEDRO DE ATASCOSO","","13","MANABI","1303","CHONE","130302","SANTA RITA","URBANO","ZONA 4"
"001025","SAN PEDRO DE LA BENDITA","","11","LOJA","1103","CATAMAYO","110353","SAN PEDRO DE LA BENDITA","RURAL","ZONA 7"
"001402","SAN PEDRO DE SUMA","","13","MANABI","1304","EL CARMEN","130452","SAN PEDRO DE SUMA","RURAL","ZONA 4"
"001717","SAN PEDRO DE TABOADA","","17","PICHINCHA","1705","RUMIÑAHUI","170502","SAN PEDRO DE TABOADA","URBANO","ZONA 2"
"000017","SAN PEDRO DEL CEBOLLAR","","01","AZUAY","0101","CUENCA","010111","SAN SEBASTIAN","URBANO","ZONA 6"
"001377","SAN PLACIDO","","13","MANABI","1301","PORTOVIEJO","130156","SAN PLACIDO","RURAL","ZONA 4"
"000828","SAN RAFAEL","","09","GUAYAS","0901","GUAYAQUIL","090158","TENGUEL","RURAL","ZONA 8"
"001007","SAN RAFAEL","","10","IMBABURA","1004","OTAVALO","100458","SAN RAFAEL","RURAL","ZONA 1"
"000069","SAN RAFAEL DE ZHARUG","","01","AZUAY","0106","PUCARA","010652","SAN RAFAEL DE SHARUG","RURAL","ZONA 6"
"000985","SAN ROQUE","","10","IMBABURA","1002","ANTONIO ANTE","100254","SAN ROQUE","RURAL","ZONA 1"
"000584","SAN ROQUE","","07","EL ORO","0710","PIÑAS","071055","SAN ROQUE (AMBROSIO MALDONADO)","RURAL","ZONA 7"
"002758","SAN ROQUE","","08","ESMERALDAS","0804","QUININDE","080450","ROSA ZARATE (QUININDE)","RURAL","ZONA 1"
"000699","SAN SALVADOR","","08","ESMERALDAS","0803","MUISNE","080357","SAN GREGORIO","RURAL","ZONA 1"
"001405","SAN SEBASTIAN","","13","MANABI","1311","PICHINCHA","131152","SAN SEBASTIAN","RURAL","ZONA 4"
"002014","SAN SEBASTIAN DEL COCA","","22","ORELLANA","2203","LA JOYA DE LOS SACHAS","220354","SAN SEBASTIAN DEL COCA","RURAL","ZONA 2"
"000146","SAN SIMON","","02","BOLIVAR","0201","GUARANDA","020157","SAN SIMON (YACOTO)","RURAL","ZONA 5"
"001978","SAN VICENTE","","21","SUCUMBIOS","2104","SHUSHUFINDI","210453","SAN ROQUE (CAB. EN SAN VICENTE)","RURAL","ZONA 1"
"000541","SAN VICENTE","","07","EL ORO","0702","ARENILLAS","070250","ARENILLAS","RURAL","ZONA 7"
"000061","SAN VICENTE","","01","AZUAY","0112","EL PAN","011253","SAN VICENTE","RURAL","ZONA 6"
"000143","SAN VICENTE","","02","BOLIVAR","0205","SAN MIGUEL","020556","SAN VICENTE","RURAL","ZONA 5"
"001615","SAN VICENTE DE LAS CASAS","","17","PICHINCHA","1701","DISTRITO METROPOLITANO DE QUITO","170101","BELISARIO QUEVEDO","URBANO","ZONA 9"
"000625","SAN VICENTE DE PAUL (20 NVBRE)","","08","ESMERALDAS","0801","ESMERALDAS","080102","5 DE AGOSTO","URBANO","ZONA 1"
"000255","SAN VICENTE DE PUSIR","","04","CARCHI","0402","BOLIVAR","040254","SAN VICENTE DE PUSIR","RURAL","ZONA 1"
"002070","SAN VICENTE DEL NILA","","23","SANTO DOMINGO DE LOS TSACHILAS","2301","SANTO DOMINGO","230153","LUZ DE AMERICA","RURAL","ZONA 4"
"001478","SANGAY","","14","MORONA SANTIAGO","1404","PALORA","140454","SANGAY (CAB EN NAYAMANACA)","RURAL","ZONA 6"
"000672","SANTA  RITA","","08","ESMERALDAS","0805","SAN LORENZO","080559","SANTA RITA","RURAL","ZONA 1"
"000031","SANTA ANA","","01","AZUAY","0101","CUENCA","010164","SANTA ANA","RURAL","ZONA 6"
"001958","SANTA BARBARA","","21","SUCUMBIOS","2105","SUCUMBIOS","210554","SANTA BARBARA","RURAL","ZONA 1"
"001753","SANTA BARBARA","","17","PICHINCHA","1701","DISTRITO METROPOLITANO DE QUITO","170122","LA MENA","URBANO","ZONA 9"
"001952","SANTA CECILIA","","21","SUCUMBIOS","2101","LAGO AGRIO","210158","SANTA CECILIA","RURAL","ZONA 1"
"001565","SANTA CLARA","","16","PASTAZA","1603","SANTA CLARA","160350","SANTA CLARA","RURAL","ZONA 3"
"001310","SANTA CLARA","","13","MANABI","1308","MANTA","130805","ELOY ALFARO","URBANO","ZONA 4"
"001616","SANTA CLARA DE SAN MILLAN","","17","PICHINCHA","1701","DISTRITO METROPOLITANO DE QUITO","170101","BELISARIO QUEVEDO","URBANO","ZONA 9"
"001754","SANTA CRUZ","","17","PICHINCHA","1701","DISTRITO METROPOLITANO DE QUITO","170118","LA ECUATORIANA","URBANO","ZONA 9"
"000141","SANTA FE","","02","BOLIVAR","0201","GUARANDA","020158","SANTA FE (SANTA FE)","RURAL","ZONA 5"
"002119","SANTA MARIA","","13","MANABI","1304","EL CARMEN","130453","SANTA MARIA (CAB EN SANTA MARIA)","RURAL","ZONA 4"
"002073","SANTA MARIA DEL TOACHI","","23","SANTO DOMINGO DE LOS TSACHILAS","2301","SANTO DOMINGO","230157","SANTA MARIA DEL TOACHI","RURAL","ZONA 4"
"001300","SANTA MARIANITA","","13","MANABI","1308","MANTA","130852","SANTA MARIANITA (BOCA DE PACOCHE)","RURAL","ZONA 4"
"001284","SANTA MARTHA","","13","MANABI","1303","CHONE","130301","CHONE (URBANO)","URBANO","ZONA 4"
"000240","SANTA MARTHA DE CUBA","","04","CARCHI","0401","TULCAN","040161","SANTA MARTHA DE CUBA","RURAL","ZONA 1"
"001850","SANTA RITA","","18","TUNGURAHUA","1808","SANTIAGO DE PILLARO","180855","SAN ANDRES","RURAL","ZONA 3"
"001279","SANTA RITA","","13","MANABI","1303","CHONE","130302","SANTA RITA","URBANO","ZONA 4"
"001543","SANTA ROSA","","15","NAPO","1504","EL CHACO","150454","SANTA ROSA","RURAL","ZONA 2"
"001961","SANTA ROSA","","21","SUCUMBIOS","2106","CASCALES","210651","SANTA ROSA DE SUCUMBIOS","RURAL","ZONA 1"
"001445","SANTA ROSA","","14","MORONA SANTIAGO","1401","MORONA","140157","SEVILLA DON BOSCO","RURAL","ZONA 6"
"002085","SANTA ROSA","","24","SANTA ELENA","2403","SALINAS","240304","SANTA ROSA","URBANO","ZONA 5"
"001183","SANTA ROSA","","12","LOS RIOS","1205","QUEVEDO","120508","24 DE MAYO","URBANO","ZONA 5"
"000152","SANTA ROSA DE AGUA CLARA","","02","BOLIVAR","0202","CHILLANES","020250","CHILLANES","RURAL","ZONA 5"
"001698","SANTA ROSA DE CUZUBAMBA","","17","PICHINCHA","1702","CAYAMBE","170255","SANTA ROSA DE CUZUBAMBA","RURAL","ZONA 2"
"000727","SANTA ROSA DE FLANDES","","09","GUAYAS","0911","NARANJAL","091153","SANTA ROSA DE FLANDES","RURAL","ZONA 5"
"002120","SANTA TERESA","","13","MANABI","1304","EL CARMEN","130453","SANTA MARIA (CAB EN SANTA MARIA)","RURAL","ZONA 4"
"001040","SANTA TERESITA","","11","LOJA","1106","ESPINDOLA","110653","SANTA TERESITA","RURAL","ZONA 7"
"000629","SANTAS VAINAS","","08","ESMERALDAS","0801","ESMERALDAS","080103","ESMERALDAS (URBANO)","URBANO","ZONA 1"
"001108","SANTIAGO","","11","LOJA","1101","LOJA","110159","SANTIAGO","RURAL","ZONA 7"
"000144","SANTIAGO","","02","BOLIVAR","0205","SAN MIGUEL","020555","SANTIAGO","RURAL","ZONA 5"
"001487","SANTIAGO","","14","MORONA SANTIAGO","1412","TIWINTZA","141250","SANTIAGO","RURAL","ZONA 6"
"000408","SANTIAGO DE QUITO","","06","CHIMBORAZO","0603","COLTA","060354","SANTIAGO DE QUITO (CAB. EN SAN ANTONIO DE QUITO)","RURAL","ZONA 3"
"000821","SANTO DOMINGO","","09","GUAYAS","0922","SIMON BOLIVAR","092250","SIMON BOLIVAR","RURAL","ZONA 5"
"000683","SANTO DOMINGO DE ONZOLE","","08","ESMERALDAS","0802","ELOY ALFARO","080259","SANTO DOMINGO DE ONZOLE","RURAL","ZONA 1"
"000081","SARAR","","01","AZUAY","0109","SIGSIG","010954","LUDO","RURAL","ZONA 6"
"002749","SARAYACU","","16","PASTAZA","1601","PASTAZA","160161","SARAYACU","RURAL","ZONA 3"
"000036","SAYAUSI","","01","AZUAY","0101","CUENCA","010165","SAYAUSI","RURAL","ZONA 6"
"001677","SEGUNDO DIAZ","","17","PICHINCHA","1701","DISTRITO METROPOLITANO DE QUITO","170129","SAN ISIDRO DEL INCA","URBANO","ZONA 9"
"001718","SELVA ALEGRE","","17","PICHINCHA","1705","RUMIÑAHUI","170501","SANGOLQUI (URBANO)","URBANO","ZONA 2"
"001122","SELVA ALEGRE","","11","LOJA","1111","SARAGURO","111158","SELVA ALEGRE","RURAL","ZONA 7"
"000684","SELVA ALEGRE","","08","ESMERALDAS","0802","ELOY ALFARO","080260","SELVA ALEGRE","RURAL","ZONA 1"
"001002","SELVA ALEGRE","","10","IMBABURA","1004","OTAVALO","100459","SELVA ALEGRE (CAB. EN SAN MIGUEL DE PAMPLONA)","RURAL","ZONA 1"
"001283","SESME","","13","MANABI","1303","CHONE","130356","RICAURTE","RURAL","ZONA 4"
"001962","SEVILLA","","21","SUCUMBIOS","2106","CASCALES","210652","SEVILLA","RURAL","ZONA 1"
"000439","SEVILLA","","06","CHIMBORAZO","0602","ALAUSI","060258","SEVILLA","RURAL","ZONA 3"
"000053","SEVILLA DE ORO","","01","AZUAY","0113","SEVILLA DE ORO","011350","SEVILLA DE ORO","RURAL","ZONA 6"
"001444","SEVILLA DON BOSCO","","14","MORONA SANTIAGO","1401","MORONA","140157","SEVILLA DON BOSCO","RURAL","ZONA 6"
"001530","SHANDIA","","15","NAPO","1501","TENA","150157","TALAG","RURAL","ZONA 2"
"001575","SHELL","","16","PASTAZA","1602","MERA","160252","SHELL","RURAL","ZONA 3"
"000440","SIBAMBE","","06","CHIMBORAZO","0602","ALAUSI","060259","SIBAMBE","RURAL","ZONA 3"
"000011","SIDCAY","","01","AZUAY","0101","CUENCA","010166","SIDCAY","RURAL","ZONA 6"
"001996","SIETE DE JULIO","","21","SUCUMBIOS","2104","SHUSHUFINDI","210455","SIETE DE JULIO","RURAL","ZONA 1"
"000316","SIGCHOS","","05","COTOPAXI","0507","SIGCHOS","050750","SIGCHOS","RURAL","ZONA 3"
"000973","SIGSIPAMBA","","10","IMBABURA","1005","PIMAMPIRO","100553","SAN  FCO. DE SIGSIPAMBA","RURAL","ZONA 1"
"000649","SIMON BOLIVAR LA SEXTA","","17","PICHINCHA","1709","PUERTO QUITO","170950","PUERTO QUITO","RURAL","ZONA 2"
"001446","SINAI","","14","MORONA SANTIAGO","1401","MORONA","140158","SINAI","RURAL","ZONA 6"
"002741","SINCHAL","","24","SANTA ELENA","2401","SANTA ELENA","240154","MANGLARALTO","RURAL","ZONA 5"
"000575","SINSAO","","07","EL ORO","0713","ZARUMA","071358","SINSAO","RURAL","ZONA 7"
"040511","SOCIO VIVIENDA 1","","09","GUAYAS","0901","GUAYAQUIL","090112","TARQUI","URBANO","ZONA 8"
"040438","SOCIO VIVIENDA 2","","09","GUAYAS","0901","GUAYAQUIL","090112","TARQUI","URBANO","ZONA 8"
"000179","SOLANO","","03","CAÑAR","0306","DELEG","030651","SOLANO","RURAL","ZONA 6"
"000824","SOLEDAD","","09","GUAYAS","0922","SIMON BOLIVAR","092251","CORONEL LORENZO DE GARAYCOA (PEDREGAL)","RURAL","ZONA 5"
"001074","SOZORANGA","","11","LOJA","1112","SOZORANGA","111250","SOZORANGA","RURAL","ZONA 7"
"000646","SUA","","08","ESMERALDAS","0806","ATACAMES","080652","SUA (CAB. EN LA BOCANA)","RURAL","ZONA 1"
"001885","SUCRE","","18","TUNGURAHUA","1805","PATATE","180553","SUCRE (CAB. EN SUCRE-PATATE URCU)","RURAL","ZONA 3"
"001124","SUMAIPAMBA","","11","LOJA","1111","SARAGURO","111160","SUMAYPAMBA","RURAL","ZONA 7"
"000212","SUSCAL","","03","CAÑAR","0307","SUSCAL","030750","SUSCAL","RURAL","ZONA 6"
"001073","SUSUCO","","11","LOJA","1112","SOZORANGA","111250","SOZORANGA","RURAL","ZONA 7"
"001711","TABABELA","","17","PICHINCHA","1701","DISTRITO METROPOLITANO DE QUITO","170183","TABABELA","RURAL","ZONA 9"
"000614","TABIAZO","","08","ESMERALDAS","0801","ESMERALDAS","080165","TABIAZO","RURAL","ZONA 1"
"001076","TACAMOROS","","11","LOJA","1112","SOZORANGA","111252","TACAMOROS","RURAL","ZONA 7"
"000615","TACHINA","","08","ESMERALDAS","0801","ESMERALDAS","080166","TACHINA","RURAL","ZONA 1"
"000181","TADAY","","03","CAÑAR","0301","AZOGUES","030160","TADAY","RURAL","ZONA 6"
"000281","TAJAMAR","","04","CARCHI","0401","TULCAN","040102","TULCAN (URBANO)","URBANO","ZONA 1"
"001531","TALAG","","15","NAPO","1501","TENA","150157","TALAG","RURAL","ZONA 2"
"000121","TALAHUA","","02","BOLIVAR","0201","GUARANDA","020159","SIMIATUG","RURAL","ZONA 5"
"000720","TAMARINDO","","01","AZUAY","0101","CUENCA","010157","MOLLETURO","RURAL","ZONA 6"
"000892","TAMARINDO","","09","GUAYAS","0918","SANTA LUCIA","091850","SANTA LUCIA","RURAL","ZONA 5"
"001726","TAMBILLO","","17","PICHINCHA","1703","MEJIA","170356","TAMBILLO","RURAL","ZONA 2"
"000691","TAMBILLO","","08","ESMERALDAS","0805","SAN LORENZO","080560","TAMBILLO","RURAL","ZONA 1"
"002124","TANDA","","17","PICHINCHA","1701","DISTRITO METROPOLITANO DE QUITO","170170","NAYON","RURAL","ZONA 9"
"002974","TANDACATU","","01","AZUAY","0101","CUENCA","010111","SAN SEBASTIAN","URBANO","ZONA 6"
"001728","TANDAPI","","17","PICHINCHA","1703","MEJIA","170355","MANUEL CORNEJO ASTORGA (TANDAPI)","RURAL","ZONA 2"
"001109","TAQUIL","","11","LOJA","1101","LOJA","110160","TAQUIL (MIGUEL RIOFRIO)","RURAL","ZONA 7"
"002037","TARACOA","","22","ORELLANA","2201","ORELLANA","220152","TARACOA (NUEVA ESPERANZA: YUCA)","RURAL","ZONA 2"
"000889","TARIFA","","09","GUAYAS","0916","SAMBORONDON","091651","TARIFA","RURAL","ZONA 8"
"001645","TARQUI","","17","PICHINCHA","1701","DISTRITO METROPOLITANO DE QUITO","170122","LA MENA","URBANO","ZONA 9"
"001573","TARQUI","","16","PASTAZA","1601","PASTAZA","160163","TARQUI","RURAL","ZONA 3"
"000866","TAURA","","09","GUAYAS","0911","NARANJAL","091154","TAURA","RURAL","ZONA 5"
"001485","TAYUZA","","14","MORONA SANTIAGO","1405","SANTIAGO","140556","TAYUZA","RURAL","ZONA 6"
"000136","TELIMBELA","","02","BOLIVAR","0203","CHIMBO","020355","TELIMBELA","RURAL","ZONA 5"
"000509","TENDALES","","07","EL ORO","0706","EL GUABO","070653","TENDALES (CAB. EN PUERTO TENDALES)","RURAL","ZONA 7"
"000539","TENIENTE HUGO ORTIZ","","07","EL ORO","0712","SANTA ROSA","071201","SANTA ROSA (URBANO)","URBANO","ZONA 7"
"001562","TENIENTE HUGO ORTIZ","","16","PASTAZA","1601","PASTAZA","160164","TENIENTE HUGO ORTIZ","RURAL","ZONA 3"
"001086","TIERRAS COLORADAS","","11","LOJA","1101","LOJA","110103","SUCRE","URBANO","ZONA 7"
"002892","TIGRILLO","","13","MANABI","1304","EL CARMEN","130450","EL CARMEN (RURAL)","RURAL","ZONA 4"
"001920","TIMBARA","","19","ZAMORA CHINCHIPE","1901","ZAMORA","190156","TIMBARA","RURAL","ZONA 7"
"000687","TIMBIRE","","08","ESMERALDAS","0802","ELOY ALFARO","080264","TIMBIRE","RURAL","ZONA 1"
"002024","TIPUTINI","","22","ORELLANA","2202","AGUARICO","220254","TIPUTINI","RURAL","ZONA 2"
"002023","TIWINO COLONO","","22","ORELLANA","2201","ORELLANA","220157","INES ARANGO (CAB. EN WESTERN)","RURAL","ZONA 2"
"021089","TIWINO WAORANI","","22","ORELLANA","2201","ORELLANA","220157","INES ARANGO (CAB. EN WESTERN)","RURAL","ZONA 2"
"000441","TIXAN","","06","CHIMBORAZO","0602","ALAUSI","060260","TIXAN","RURAL","ZONA 3"
"000322","TOACASO","","05","COTOPAXI","0501","LATACUNGA","050162","TOACASO","RURAL","ZONA 3"
"001701","TOCACHI","","17","PICHINCHA","1704","PEDRO MONCAYO","170453","TOCACHI","RURAL","ZONA 2"
"001609","TOCTIUCO","","17","PICHINCHA","1701","DISTRITO METROPOLITANO DE QUITO","170130","SAN JUAN","URBANO","ZONA 9"
"000689","TOLITA PAMPA DE ORO","","08","ESMERALDAS","0802","ELOY ALFARO","080250","VALDEZ (LIMONES)","RURAL","ZONA 1"
"001776","TOLONTAG","","17","PICHINCHA","1701","DISTRITO METROPOLITANO DE QUITO","170176","PINTAG","RURAL","ZONA 9"
"000027","TOMEBAMBA (MONAY)","","01","AZUAY","0101","CUENCA","010109","MONAY","URBANO","ZONA 6"
"000647","TONCHIGUE","","08","ESMERALDAS","0806","ATACAMES","080653","TONCHIGUE","RURAL","ZONA 1"
"002753","TOÑAMPARE","","16","PASTAZA","1604","ARAJUNO","160451","CURARAY","RURAL","ZONA 3"
"000819","TRES POSTES","","09","GUAYAS","0920","SAN JACINTO DE YAGUACHI","092050","SAN JACINTO DE YAGUACHI","RURAL","ZONA 5"
"001398","TRES RIOS","","13","MANABI","1316","24 DE MAYO","131653","ARQUITECTO SIXTO DURAN BALLEN","RURAL","ZONA 4"
"000285","TUFIÑO","","04","CARCHI","0401","TULCAN","040157","TUFIÑO","RURAL","ZONA 1"
"000279","TULCAN SUR","","04","CARCHI","0401","TULCAN","040102","TULCAN (URBANO)","URBANO","ZONA 1"
"000981","TUMBABIRO","","10","IMBABURA","1006","SAN MIGUEL DE URCUQUI","100655","TUMBABIRO","RURAL","ZONA 1"
"000457","TUNTATACTO","","06","CHIMBORAZO","0607","GUANO","060754","SAN ANDRES","RURAL","ZONA 3"
"001702","TUPIGACHI","","17","PICHINCHA","1704","PEDRO MONCAYO","170454","TUPIGACHI","RURAL","ZONA 2"
"000028","TURI","","01","AZUAY","0101","CUENCA","010169","TURI","RURAL","ZONA 6"
"001755","TURUBAMBA","","17","PICHINCHA","1701","DISTRITO METROPOLITANO DE QUITO","170131","SOLANDA","URBANO","ZONA 9"
"001499","TUUTINENTZA","","14","MORONA SANTIAGO","1409","TAISHA","140953","TUUTINENTZA","RURAL","ZONA 6"
"000610","UNIDOS SOMOS MAS","","08","ESMERALDAS","0801","ESMERALDAS","080102","5 DE AGOSTO","URBANO","ZONA 1"
"000645","UNION DE ATACAMES","","08","ESMERALDAS","0806","ATACAMES","080651","LA UNION","RURAL","ZONA 1"
"000745","UNION DE BANANEROS","","09","GUAYAS","0901","GUAYAQUIL","090114","XIMENA","URBANO","ZONA 8"
"001637","UNION DE CIUDADELAS","","17","PICHINCHA","1701","DISTRITO METROPOLITANO DE QUITO","170119","LA FERROVIARIA","URBANO","ZONA 9"
"001095","UNION LOJANA","","11","LOJA","1101","LOJA","110106","PUNZARA","URBANO","ZONA 7"
"002016","UNION MILAGRENA","","22","ORELLANA","2203","LA JOYA DE LOS SACHAS","220358","UNION MILAGREÑA","RURAL","ZONA 2"
"001968","UNION Y PROGRESO","","21","SUCUMBIOS","2103","PUTUMAYO","210355","SANSAHUARI (CAB. EN SANSAHUARI)","N/A","ZONA 1"
"000650","UNION Y PROGRESO LA 5TA","","08","ESMERALDAS","0804","QUININDE","080450","ROSA ZARATE (QUININDE)","RURAL","ZONA 1"
"001518","URBANO TENA","","15","NAPO","1501","TENA","150150","TENA","RURAL","ZONA 2"
"000666","URBINA","","08","ESMERALDAS","0805","SAN LORENZO","080562","URBINA","RURAL","ZONA 1"
"000282","URBINA","","04","CARCHI","0401","TULCAN","040158","URBINA (TAYA)","RURAL","ZONA 1"
"001131","URDANETA  (PAQUISHAPA)","","11","LOJA","1111","SARAGURO","111159","URDANETA (PAQUISHAPA)","RURAL","ZONA 7"
"001727","UYUMBICHO","","17","PICHINCHA","1703","MEJIA","170357","UYUMBICHO","RURAL","ZONA 2"
"001340","VALDEZ","","13","MANABI","1312","ROCAFUERTE","131250","ROCAFUERTE","RURAL","ZONA 4"
"002091","VALDIVIA","","24","SANTA ELENA","2401","SANTA ELENA","240154","MANGLARALTO","RURAL","ZONA 5"
"001945","VALLADOLID","","19","ZAMORA CHINCHIPE","1908","PALANDA","190853","VALLADOLID","RURAL","ZONA 7"
"000877","VALLE DE LA VIRGEN","","09","GUAYAS","0914","PEDRO CARBO","091451","VALLE DE LA VIRGEN","RURAL","ZONA 5"
"000664","VALLE DEL SADE","","08","ESMERALDAS","0804","QUININDE","080453","MALIMPIA","RURAL","ZONA 1"
"002066","VALLE HERMOSO","","23","SANTO DOMINGO DE LOS TSACHILAS","2301","SANTO DOMINGO","230155","VALLE HERMOSO","RURAL","ZONA 4"
"000225","VENTURA","","03","CAÑAR","0303","CAÑAR","030362","VENTURA","RURAL","ZONA 6"
"001563","VERACRUZ","","16","PASTAZA","1601","PASTAZA","160165","VERACRUZ (INDILLAMA) (CAB. EN INDILLAMA)","RURAL","ZONA 3"
"001875","VICENTINA","","18","TUNGURAHUA","1801","AMBATO","180107","LA MATRIZ","URBANO","ZONA 3"
"001070","VICENTINO","","11","LOJA","1110","PUYANGO","111055","VICENTINO","RURAL","ZONA 7"
"000659","VICHE","","08","ESMERALDAS","0804","QUININDE","080454","VICHE","RURAL","ZONA 1"
"000038","VICTORIA DEL PORTETE","","01","AZUAY","0101","CUENCA","010171","VICTORIA DEL PORTETE (IRQUIS)","RURAL","ZONA 6"
"000864","VILLA NUEVA","","09","GUAYAS","0911","NARANJAL","091153","SANTA ROSA DE FLANDES","RURAL","ZONA 5"
"001589","VILLANO (PANDANUQUE)","","16","PASTAZA","1604","ARAJUNO","160451","CURARAY","RURAL","ZONA 3"
"000878","VILLAO","","09","GUAYAS","0914","PEDRO CARBO","091450","PEDRO CARBO","RURAL","ZONA 5"
"000155","VINCHOA","","02","BOLIVAR","0201","GUARANDA","020102","GABRIEL IGNACIO VEINTIMILLA","URBANO","ZONA 5"
"000902","VIRGEN DE FATIMA (KM. 26)","","09","GUAYAS","0920","SAN JACINTO DE YAGUACHI","092056","VIRGEN DE FATIMA","RURAL","ZONA 5"
"002092","VIRGEN DEL CARMEN","","24","SANTA ELENA","2402","LA LIBERTAD","240250","LA LIBERTAD","RURAL","ZONA 5"
"001182","VIVA ALFARO","","12","LOS RIOS","1205","QUEVEDO","120510","VIVA ALFARO","URBANO","ZONA 5"
"000900","VUELTA LARGA","","09","GUAYAS","0920","SAN JACINTO DE YAGUACHI","092055","YAGUACHI VIEJO (CONE)","RURAL","ZONA 5"
"001504","WAMPUIK","","14","MORONA SANTIAGO","1409","TAISHA","140951","HUASAGA (CAB EN WAMPUIK)","RURAL","ZONA 6"
"001438","WASAKENTSA","","14","MORONA SANTIAGO","1409","TAISHA","140954","PUMPUENTSA","RURAL","ZONA 6"
"001523","WAWA SUMACO","","15","NAPO","1503","ARCHIDONA","150356","HATUN SUMAKU","RURAL","ZONA 2"
"002020","WESTER","","22","ORELLANA","2201","ORELLANA","220157","INES ARANGO (CAB. EN WESTERN)","RURAL","ZONA 2"
"000686","WIMBI ( 5 DE JUNIO )","","08","ESMERALDAS","0805","SAN LORENZO","080555","5 DE JUNIO (CAB. EN UIMBI)","RURAL","ZONA 1"
"000343","YACUMBAMBA","","05","COTOPAXI","0504","PUJILI","050450","PUJILI","RURAL","ZONA 3"
"001843","YANAHURCO","","18","TUNGURAHUA","1804","MOCHA","180450","MOCHA","RURAL","ZONA 3"
"000328","YANAYACU","","05","COTOPAXI","0505","SALCEDO","050550","SAN MIGUEL","RURAL","ZONA 3"
"001111","YANGANA","","11","LOJA","1101","LOJA","110162","YANGANA (ARSENIO CASTILLO)","RURAL","ZONA 7"
"000395","YARUQUIES","","06","CHIMBORAZO","0601","RIOBAMBA","060105","YARUQUIES","URBANO","ZONA 3"
"000137","YATUVI","","02","BOLIVAR","0206","CALUMA","020650","CALUMA","RURAL","ZONA 5"
"001494","YAUPI","","14","MORONA SANTIAGO","1410","LOGROÑO","141051","YAUPI","RURAL","ZONA 6"
"001471","YUNGANZA","","14","MORONA SANTIAGO","1403","LIMON INDANZA","140358","YUNGANZA (CAB EN EL ROSARIO)","RURAL","ZONA 6"
"000837","YURIMA","","09","GUAYAS","0906","DAULE","090653","LAUREL","RURAL","ZONA 5"
"001678","ZAMBIZA","","17","PICHINCHA","1701","DISTRITO METROPOLITANO DE QUITO","170186","ZAMBIZA","RURAL","ZONA 9"
"001096","ZAMORA HUAYCO","","11","LOJA","1101","LOJA","110101","EL SAGRARIO","URBANO","ZONA 7"
"000657","ZAPALLO","","08","ESMERALDAS","0804","QUININDE","080453","MALIMPIA","RURAL","ZONA 1"
"000677","ZAPALLO GRANDE","","08","ESMERALDAS","0802","ELOY ALFARO","080261","TELEMBI","RURAL","ZONA 1"
"002083","ZAPOTAL","","24","SANTA ELENA","2401","SANTA ELENA","240153","CHANDUY","RURAL","ZONA 5"
"001223","ZAPOTAL NUEVO","","12","LOS RIOS","1207","VENTANAS","120752","ZAPOTAL","RURAL","ZONA 5"
"000563","ZARACAY","","07","EL ORO","0710","PIÑAS","071056","SARACAY","RURAL","ZONA 7"
"000075","ZHAGLLY","","01","AZUAY","0108","SANTA ISABEL","010853","ZHAGLLI (SHAGLLI )","RURAL","ZONA 6"
"000032","ZHIDMAD","","01","AZUAY","0103","GUALACEO","010358","ZHIDMAD","RURAL","ZONA 6"
"000077","ZHIMBRUG","","01","AZUAY","0109","SIGSIG","010950","SIGSIG","RURAL","ZONA 6"
"000175","ZHINDILIG","","03","CAÑAR","0301","AZOGUES","030153","GUAPAN","RURAL","ZONA 6"
"000211","ZHUD","","03","CAÑAR","0303","CAÑAR","030361","ZHUD","RURAL","ZONA 6"
"000092","ZHUMIRAL","","01","AZUAY","0115","CAMILO PONCE ENRIQUEZ","011550","CAMILO PONCE ENRIQUEZ","RURAL","ZONA 6"
"000203","ZHUYA","","03","CAÑAR","0303","CAÑAR","030354","GUALLETURO","RURAL","ZONA 6"
"000969","ZULETA (ANGOCHAHUA)","","10","IMBABURA","1001","IBARRA","100152","ANGOCHAGUA","RURAL","ZONA 1"
"000171","ZUMBAGUAICO","","03","CAÑAR","0301","AZOGUES","030154","JAVIER LOYOLA (CHUQUIPATA)","RURAL","ZONA 6"
"001900","ZUMBI","","19","ZAMORA CHINCHIPE","1907","CENTINELA DEL CONDOR","190750","ZUMBI","RURAL","ZONA 7"
"001529","ÑUCANCHILLACTA","","15","NAPO","1501","TENA","150153","CHONTAPUNTA","RURAL","ZONA 2"
"000554","18 DE NOVIEMBRE","","07","EL ORO","0707","HUAQUILLAS","070701","ECUADOR","URBANO","ZONA 7"
"001264","24 DE MAYO","","13","MANABI","1316","24 DE MAYO","131650","SUCRE","RURAL","ZONA 4"
"000767","28 DE FEBRERO","","09","GUAYAS","0901","GUAYAQUIL","090104","FEBRES CORDERO","URBANO","ZONA 8"
"001989","ABDON CALDERON","","21","SUCUMBIOS","2101","LAGO AGRIO","210150","NUEVA LOJA","RURAL","ZONA 1"
"001260","ABDON CALDERON","","13","MANABI","1301","PORTOVIEJO","130151","ABDON CALDERON (SAN FRANCISCO)","RURAL","ZONA 4"
"000435","ACHUPALLAS","","06","CHIMBORAZO","0602","ALAUSI","060251","ACHUPALLAS","RURAL","ZONA 3"
"000817","ALFREDO BAQUERIZO MORENO","","09","GUAYAS","0902","ALFREDO BAQUERIZO MORENO","090250","ALFREDO BAQUERIZO MORENO (JUJAN)","RURAL","ZONA 5"
"002068","ALLURIQUIN","","23","SANTO DOMINGO DE LOS TSACHILAS","2301","SANTO DOMINGO","230151","ALLURIQUIN","RURAL","ZONA 4"
"001311","ALTAMIRA","","13","MANABI","1308","MANTA","130801","LOS ESTEROS","URBANO","ZONA 4"
"001519","ARCHIDONA","","15","NAPO","1503","ARCHIDONA","150350","ARCHIDONA","RURAL","ZONA 2"
"001533","AROSEMENA TOLA","","15","NAPO","1509","CARLOS JULIO AROSEMENA TOLA","150950","CARLOS JULIO AROSEMENA TOLA","RURAL","ZONA 2"
"002055","ASISTENCIA MUNICIPAL","","23","SANTO DOMINGO DE LOS TSACHILAS","2301","SANTO DOMINGO","230103","CHIGULPE","URBANO","ZONA 4"
"000642","ATACAMES [24H]","","08","ESMERALDAS","0806","ATACAMES","080650","ATACAMES","RURAL","ZONA 1"
"000826","BALAO","","09","GUAYAS","0903","BALAO","090350","BALAO","RURAL","ZONA 5"
"000776","BARRIO LINDO","","09","GUAYAS","0901","GUAYAQUIL","090106","LETAMENDI","URBANO","ZONA 8"
"000814","BASTION POPULAR 1","","09","GUAYAS","0901","GUAYAQUIL","090115","PASCUALES","URBANO","ZONA 8"
"000816","BASTION POPULAR 3","","09","GUAYAS","0901","GUAYAQUIL","090115","PASCUALES","URBANO","ZONA 8"
"001756","CALDERON","","17","PICHINCHA","1701","DISTRITO METROPOLITANO DE QUITO","170155","CALDERON (CARAPUNGO)","RURAL","ZONA 9"
"000404","CALPI","","06","CHIMBORAZO","0601","RIOBAMBA","060152","CALPI","RURAL","ZONA 3"
"000747","CAMINO AL SOL [24H]","","09","GUAYAS","0901","GUAYAQUIL","090114","XIMENA","URBANO","ZONA 8"
"001766","CARAPUNGO 2","","17","PICHINCHA","1701","DISTRITO METROPOLITANO DE QUITO","170155","CALDERON (CARAPUNGO)","RURAL","ZONA 9"
"000514","CASACAY","","07","EL ORO","0709","PASAJE","070952","CASACAY","RURAL","ZONA 7"
"001973","CASCALES","","21","SUCUMBIOS","2106","CASCALES","210650","EL DORADO DE CASCALES","RURAL","ZONA 1"
"000130","CENTRO DE SALUD CORDERO CRESPO","","02","BOLIVAR","0201","GUARANDA","020101","ÁNGEL POLIBIO CHÁVES","URBANO","ZONA 5"
"000186","CENTRO DE SALUD DE BIBLIAN","","03","CAÑAR","0302","BIBLIAN","030250","BIBLIAN","RURAL","ZONA 6"
"002853","CENTRO DE SALUD DE CATACOCHA","","11","LOJA","1109","PALTAS","110902","LOURDES","URBANO","ZONA 7"
"000191","CENTRO DE SALUD DE CAÑAR","","03","CAÑAR","0303","CAÑAR","030350","CAÑAR","RURAL","ZONA 6"
"002867","CENTRO DE SALUD DE PASAJE","","07","EL ORO","0709","PASAJE","070903","OCHOA LEON (MATRIZ)","URBANO","ZONA 7"
"002880","CENTRO DE SALUD DE PIÑAS","","07","EL ORO","0710","PIÑAS","071050","PIÑAS","RURAL","ZONA 7"
"004443","CENTRO DE SALUD DE ROCAFUERTE","","13","MANABI","1312","ROCAFUERTE","131250","ROCAFUERTE","RURAL","ZONA 4"
"001860","CENTRO DE SALUD DE TOTORAS","","18","TUNGURAHUA","1801","AMBATO","180166","TOTORAS","RURAL","ZONA 3"
"000976","CENTRO DE SALUD DR. JUAN MARTIN MOREIRA","","10","IMBABURA","1006","SAN MIGUEL DE URCUQUI","100650","URCUQUI","RURAL","ZONA 1"
"001159","CENTRO DE SALUD ENRIQUE PONCE LUQUE","","12","LOS RIOS","1201","BABAHOYO","120102","CAMILO PONCE","URBANO","ZONA 5"
"001477","CENTRO DE SALUD HOSPITAL PALORA","","14","MORONA SANTIAGO","1404","PALORA","140450","PALORA (METZERA)","RURAL","ZONA 6"
"001441","CENTRO DE SALUD INNFA [24H]","","14","MORONA SANTIAGO","1401","MORONA","140150","MACAS","RURAL","ZONA 6"
"000778","CENTRO DE SALUD N. 1","","09","GUAYAS","0901","GUAYAQUIL","090112","TARQUI","URBANO","ZONA 8"
"001877","CENTRO DE SALUD N. 1","","18","TUNGURAHUA","1801","AMBATO","180105","LA MERCED","URBANO","ZONA 3"
"000278","CENTRO DE SALUD N. 1","","04","CARCHI","0401","TULCAN","040102","TULCAN (URBANO)","URBANO","ZONA 1"
"000006","CENTRO DE SALUD N. 1","","01","AZUAY","0101","CUENCA","010102","CAÑARIBAMBA","URBANO","ZONA 6"
"000608","CENTRO DE SALUD N. 1","","08","ESMERALDAS","0801","ESMERALDAS","080102","5 DE AGOSTO","URBANO","ZONA 1"
"000956","CENTRO DE SALUD N. 1","","10","IMBABURA","1001","IBARRA","100103","EL SAGRARIO","URBANO","ZONA 1"
"000468","CENTRO DE SALUD N. 1","","06","CHIMBORAZO","0601","RIOBAMBA","060104","VELOZ","URBANO","ZONA 3"
"001100","CENTRO DE SALUD N. 1","","11","LOJA","1101","LOJA","110103","SUCRE","URBANO","ZONA 7"
"000755","CENTRO DE SALUD N. 10","","09","GUAYAS","0901","GUAYAQUIL","090105","GARCIA MORENO","URBANO","ZONA 8"
"000760","CENTRO DE SALUD N. 11","","09","GUAYAS","0901","GUAYAQUIL","090104","FEBRES CORDERO","URBANO","ZONA 8"
"000775","CENTRO DE SALUD N. 12","","09","GUAYAS","0901","GUAYAQUIL","090113","URDANETA","URBANO","ZONA 8"
"000773","CENTRO DE SALUD N. 13","","09","GUAYAS","0901","GUAYAQUIL","090104","FEBRES CORDERO","URBANO","ZONA 8"
"000758","CENTRO DE SALUD N. 14","","09","GUAYAS","0901","GUAYAQUIL","090106","LETAMENDI","URBANO","ZONA 8"
"000756","CENTRO DE SALUD N. 2","","09","GUAYAS","0901","GUAYAQUIL","090105","GARCIA MORENO","URBANO","ZONA 8"
"001094","CENTRO DE SALUD N. 2","","11","LOJA","1101","LOJA","110102","SAN SEBASTIAN","URBANO","ZONA 7"
"000621","CENTRO DE SALUD N. 2","","08","ESMERALDAS","0801","ESMERALDAS","080103","ESMERALDAS (URBANO)","URBANO","ZONA 1"
"001088","CENTRO DE SALUD N. 3","","11","LOJA","1101","LOJA","110103","SUCRE","URBANO","ZONA 7"
"000396","CENTRO DE SALUD N. 3","","06","CHIMBORAZO","0601","RIOBAMBA","060102","MALDONADO","URBANO","ZONA 3"
"000026","CENTRO DE SALUD N. 3","","01","AZUAY","0101","CUENCA","010107","HUAYNA CAPAC","URBANO","ZONA 6"
"000754","CENTRO DE SALUD N. 3","","09","GUAYAS","0901","GUAYAQUIL","090114","XIMENA","URBANO","ZONA 8"
"000777","CENTRO DE SALUD N. 4","","09","GUAYAS","0901","GUAYAQUIL","090108","OLMEDO","URBANO","ZONA 8"
"000757","CENTRO DE SALUD N. 5","","09","GUAYAS","0901","GUAYAQUIL","090105","GARCIA MORENO","URBANO","ZONA 8"
"000774","CENTRO DE SALUD N. 6","","09","GUAYAS","0901","GUAYAQUIL","090104","FEBRES CORDERO","URBANO","ZONA 8"
"000795","CENTRO DE SALUD N. 7","","09","GUAYAS","0901","GUAYAQUIL","090112","TARQUI","URBANO","ZONA 8"
"000762","CENTRO DE SALUD N. 8","","09","GUAYAS","0901","GUAYAQUIL","090104","FEBRES CORDERO","URBANO","ZONA 8"
"000779","CENTRO DE SALUD N. 9","","09","GUAYAS","0901","GUAYAQUIL","090113","URDANETA","URBANO","ZONA 8"
"000018","CENTRO DE SALUD N2","","01","AZUAY","0101","CUENCA","010101","BELLAVISTA","URBANO","ZONA 6"
"038012","CENTRO DE SALUD NUEVO QUININDE","","08","ESMERALDAS","0804","QUININDE","080450","ROSA ZARATE (QUININDE)","RURAL","ZONA 1"
"001873","CENTRO DE SALUD Nº 3","","18","TUNGURAHUA","1801","AMBATO","180103","HUACHI CHICO","URBANO","ZONA 3"
"002806","CENTRO DE SALUD SATELITAL","","15","NAPO","1501","TENA","150150","TENA","RURAL","ZONA 2"
"000784","CENTRO DE SALUD SAUCES III","","09","GUAYAS","0901","GUAYAQUIL","090112","TARQUI","URBANO","ZONA 8"
"000102","CENTRO DE SALUD TIPO B - MARIANO ESTRELLA","","01","AZUAY","0101","CUENCA","010101","BELLAVISTA","URBANO","ZONA 6"
"000746","CENTRO DE SALUD TRINITARIA","","09","GUAYAS","0901","GUAYAQUIL","090114","XIMENA","URBANO","ZONA 8"
"020938","CENTRO DE SALUD URBANO BALZAR","","09","GUAYAS","0904","BALZAR","090450","BALZAR","RURAL","ZONA 5"
"004445","CENTRO DE SALUD URBANO EL EMPALME","","09","GUAYAS","0908","EL EMPALME","090850","VELASCO IBARRA (CAB. EL EMPALME)","RURAL","ZONA 5"
"019548","CENTRO DE SALUD URBANO PLAYAS","","09","GUAYAS","0921","PLAYAS","092150","GENERAL VILLAMIL (PLAYAS)","RURAL","ZONA 5"
"001647","CENTRO LA LIBERTAD","","17","PICHINCHA","1701","DISTRITO METROPOLITANO DE QUITO","170120","LA LIBERTAD","URBANO","ZONA 9"
"002798","CENTRO URBANO SHUSHUFINDI","","21","SUCUMBIOS","2104","SHUSHUFINDI","210450","SHUSHUFINDI","RURAL","ZONA 1"
"001834","CEVALLOS","","18","TUNGURAHUA","1803","CEVALLOS","180350","CEVALLOS","RURAL","ZONA 3"
"000397","CHAMBO","","06","CHIMBORAZO","0604","CHAMBO","060450","CHAMBO","RURAL","ZONA 3"
"000046","CHORDELEG","","01","AZUAY","0111","CHORDELEG","011150","CHORDELEG","RURAL","ZONA 6"
"001355","COJIMIES","","13","MANABI","1317","PEDERNALES","131751","COJIMIES","RURAL","ZONA 4"
"000829","COLIMES","","09","GUAYAS","0905","COLIMES","090550","COLIMES","RURAL","ZONA 5"
"000764","COLMENA","","09","GUAYAS","0901","GUAYAQUIL","090104","FEBRES CORDERO","URBANO","ZONA 8"
"001658","COTOCOLLAO","","17","PICHINCHA","1701","DISTRITO METROPOLITANO DE QUITO","170124","PONCEANO","URBANO","ZONA 9"
"000854","CS DE ATENCION INTEGRAL3","","09","GUAYAS","0910","MILAGRO","091050","MILAGRO","RURAL","ZONA 5"
"001252","CUBA LIBRE [24H]","","13","MANABI","1308","MANTA","130805","ELOY ALFARO","URBANO","ZONA 4"
"000422","CUMANDA","","06","CHIMBORAZO","0610","CUMANDA","061050","CUMANDA","RURAL","ZONA 3"
"000178","DELEG","","03","CAÑAR","0306","DELEG","030650","DELEG","RURAL","ZONA 6"
"000842","DURAN","","09","GUAYAS","0907","DURAN","090701","ELOY ALFARO (DURAN)","URBANO","ZONA 8"
"000489","EL CAMBIO","","07","EL ORO","0701","MACHALA","070150","MACHALA (RURAL)","RURAL","ZONA 7"
"001913","EL PANGUI","","19","ZAMORA CHINCHIPE","1906","EL PANGUI","190650","EL PANGUI","RURAL","ZONA 7"
"000198","EL TAMBO","","03","CAÑAR","0305","EL TAMBO","030550","EL TAMBO","RURAL","ZONA 6"
"000029","EL VALLE","","01","AZUAY","0101","CUENCA","010170","VALLE","RURAL","ZONA 6"
"000748","FERTISA","","09","GUAYAS","0901","GUAYAQUIL","090114","XIMENA","URBANO","ZONA 8"
"001247","FLAVIO ALFARO","","13","MANABI","1305","FLAVIO ALFARO","130550","FLAVIO ALFARO","RURAL","ZONA 4"
"000787","FRANCISCO DE ORELLANA","","09","GUAYAS","0901","GUAYAQUIL","090112","TARQUI","URBANO","ZONA 8"
"001612","FRAY BARTOLOME DE LAS CASAS","","17","PICHINCHA","1701","DISTRITO METROPOLITANO DE QUITO","170101","BELISARIO QUEVEDO","URBANO","ZONA 9"
"000462","GUANO","","06","CHIMBORAZO","0607","GUANO","060702","LA MATRIZ","URBANO","ZONA 3"
"000768","HEROES DEL 41","","09","GUAYAS","0901","GUAYAQUIL","090104","FEBRES CORDERO","URBANO","ZONA 8"
"001847","HUAMBALO","","18","TUNGURAHUA","1807","SAN PEDRO DE PELILEO","180757","GUAMBALO (HUAMBALO)","RURAL","ZONA 3"
"000765","HUERFANITOS","","09","GUAYAS","0901","GUAYAQUIL","090104","FEBRES CORDERO","URBANO","ZONA 8"
"000763","INDIO GUAYAS","","09","GUAYAS","0901","GUAYAQUIL","090104","FEBRES CORDERO","URBANO","ZONA 8"
"002002","JAMBI HUASI","","22","ORELLANA","2201","ORELLANA","220150","EL COCA","RURAL","ZONA 2"
"001298","JARAMIJO","","13","MANABI","1321","JARAMIJO","132150","JARAMIJO","RURAL","ZONA 4"
"001254","JIPIJAPA","","13","MANABI","1306","JIPIJAPA","130603","SAN LORENZO DE JIPIJAPA","URBANO","ZONA 4"
"001638","LA MAGDALENA","","17","PICHINCHA","1701","DISTRITO METROPOLITANO DE QUITO","170121","LA MAGDALENA","URBANO","ZONA 9"
"001618","LA TOLA","","17","PICHINCHA","1701","DISTRITO METROPOLITANO DE QUITO","170103","CENTRO HISTORICO","URBANO","ZONA 9"
"001621","LA VICENTINA","","17","PICHINCHA","1701","DISTRITO METROPOLITANO DE QUITO","170113","ITCHIMBIA","URBANO","ZONA 9"
"000786","LAS ORQUIDEAS","","09","GUAYAS","0901","GUAYAQUIL","090115","PASCUALES","URBANO","ZONA 8"
"000373","LOMA DE QUITO","","06","CHIMBORAZO","0601","RIOBAMBA","060103","VELASCO","URBANO","ZONA 3"
"000881","LOMAS DE SARGENTILLO","","09","GUAYAS","0924","LOMAS DE SARGENTILLO","092450","LOMAS DE SARGENTILLO","RURAL","ZONA 5"
"002029","LORETO","","22","ORELLANA","2204","LORETO","220450","LORETO","RURAL","ZONA 2"
"000129","LOS TRIGALES","","02","BOLIVAR","0201","GUARANDA","020102","GABRIEL IGNACIO VEINTIMILLA","URBANO","ZONA 5"
"000857","LOS VERGELES","","09","GUAYAS","0910","MILAGRO","091006","JOSE MARIA VELASCO IBARRA","URBANO","ZONA 5"
"000785","LOS VERGELES","","09","GUAYAS","0901","GUAYAQUIL","090115","PASCUALES","URBANO","ZONA 8"
"001656","LUCHA DE LOS POBRES","","17","PICHINCHA","1701","DISTRITO METROPOLITANO DE QUITO","170116","LA ARGELIA","URBANO","ZONA 9"
"002071","LUZ DE AMERICA","","23","SANTO DOMINGO DE LOS TSACHILAS","2301","SANTO DOMINGO","230153","LUZ DE AMERICA","RURAL","ZONA 4"
"001221","MALVINAS","","12","LOS RIOS","1207","VENTANAS","120702","VENTANAS (URBANO)","URBANO","ZONA 5"
"001308","MARIA AUXILIADORA","","13","MANABI","1308","MANTA","130805","ELOY ALFARO","URBANO","ZONA 4"
"000770","MARISCAL SUCRE","","09","GUAYAS","0901","GUAYAQUIL","090104","FEBRES CORDERO","URBANO","ZONA 8"
"000263","MIRA","","04","CARCHI","0404","MIRA","040450","MIRA (CHONTAHUASI)","RURAL","ZONA 1"
"001195","MOCACHE","","12","LOS RIOS","1212","MOCACHE","121250","MOCACHE","RURAL","ZONA 5"
"000040","MOLLETURO","","01","AZUAY","0101","CUENCA","010157","MOLLETURO","RURAL","ZONA 6"
"001318","MONSEÑOR LEONIDAS PROAÑO","","13","MANABI","1309","MONTECRISTI","130904","LEONIDAS PROAÑO","URBANO","ZONA 4"
"002785","MONTE SINAI","","09","GUAYAS","0901","GUAYAQUIL","090150","GUAYAQUIL","RURAL","ZONA 8"
"001253","MONTECRISTI","","13","MANABI","1309","MONTECRISTI","130902","MONTECRISTI (URBANO)","URBANO","ZONA 4"
"000302","MORASPUNGO","","05","COTOPAXI","0503","PANGUA","050351","MORASPUNGO","RURAL","ZONA 3"
"001202","NICARAGUA","","12","LOS RIOS","1208","VINCES","120803","SAN LORENZO DE VINCES","URBANO","ZONA 5"
"000840","NOBOL","","09","GUAYAS","0925","NOBOL","092550","NARCISA DE JESUS","RURAL","ZONA 5"
"001263","OLMEDO [24H]","","13","MANABI","1318","OLMEDO","131850","OLMEDO","RURAL","ZONA 4"
"000577","PACCHA","","07","EL ORO","0703","ATAHUALPA","070350","PACCHA","RURAL","ZONA 7"
"001944","PALANDA","","19","ZAMORA CHINCHIPE","1908","PALANDA","190850","PALANDA","RURAL","ZONA 7"
"001207","PALENQUE","","12","LOS RIOS","1209","PALENQUE","120950","PALENQUE","RURAL","ZONA 5"
"000893","PALESTINA","","09","GUAYAS","0913","PALESTINA","091350","PALESTINA","RURAL","ZONA 5"
"000425","PALLATANGA","","06","CHIMBORAZO","0608","PALLATANGA","060850","PALLATANGA","RURAL","ZONA 3"
"001899","PAQUISHA","","19","ZAMORA CHINCHIPE","1909","PAQUISHA","190950","PAQUISHA","RURAL","ZONA 7"
"002976","PARQUE IBERIA","","01","AZUAY","0101","CUENCA","010114","YANUNCAY","URBANO","ZONA 6"
"001822","PASA","","18","TUNGURAHUA","1801","AMBATO","180159","PASA","RURAL","ZONA 3"
"000813","PASCUALES","","09","GUAYAS","0901","GUAYAQUIL","090115","PASCUALES","URBANO","ZONA 8"
"001884","PATATE","","18","TUNGURAHUA","1805","PATATE","180550","PATATE","RURAL","ZONA 3"
"000348","PATUTAN","","05","COTOPAXI","0501","LATACUNGA","050101","ELOY ALFARO (SAN FELIPE)","URBANO","ZONA 3"
"001256","PEDERNALES [24H]","","13","MANABI","1317","PEDERNALES","131750","PEDERNALES","RURAL","ZONA 4"
"001691","PEDRO VICENTE MALDONADO","","17","PICHINCHA","1708","PEDRO VICENTE MALDONADO","170850","PEDRO VICENTE MALDONADO","RURAL","ZONA 2"
"000452","PENIPE","","06","CHIMBORAZO","0609","PENIPE","060950","PENIPE","RURAL","ZONA 3"
"001265","PICHINCHA","","13","MANABI","1311","PICHINCHA","131150","PICHINCHA","RURAL","ZONA 4"
"001364","PICOAZA","","13","MANABI","1301","PORTOVIEJO","130104","PICOAZA","URBANO","ZONA 4"
"001824","PILAHUIN","","18","TUNGURAHUA","1801","AMBATO","180161","PILAGUIN (PILAHUIN)","RURAL","ZONA 3"
"000971","PIMAMPIRO","","10","IMBABURA","1005","PIMAMPIRO","100550","PIMAMPIRO","RURAL","ZONA 1"
"000582","PORTOVELO","","07","EL ORO","0711","PORTOVELO","071150","PORTOVELO","RURAL","ZONA 7"
"001257","PORTOVIEJO","","13","MANABI","1301","PORTOVIEJO","130101","PORTOVIEJO (URBANO)","URBANO","ZONA 4"
"001215","PUEBLO VIEJO","","12","LOS RIOS","1204","PUEBLOVIEJO","120450","PUEBLOVIEJO","RURAL","ZONA 5"
"000503","PUERTO BOLIVAR","","07","EL ORO","0701","MACHALA","070150","MACHALA (RURAL)","RURAL","ZONA 7"
"001994","PUERTO EL CARMEN","","21","SUCUMBIOS","2103","PUTUMAYO","210350","PUERTO EL CARMEN DEL PUTUMAYO","RURAL","ZONA 1"
"001227","QUINSALOMA","","12","LOS RIOS","1213","QUINSALOMA","121350","QUINSALOMA","RURAL","ZONA 5"
"000010","RICAURTE","","01","AZUAY","0101","CUENCA","010162","RICAURTE","RURAL","ZONA 6"
"002053","RUMIÑAHUI","","23","SANTO DOMINGO DE LOS TSACHILAS","2301","SANTO DOMINGO","230105","RIO VERDE","URBANO","ZONA 4"
"001819","SALASACA","","18","TUNGURAHUA","1807","SAN PEDRO DE PELILEO","180758","SALASACA","RURAL","ZONA 3"
"021035","SALCEDO","","05","COTOPAXI","0505","SALCEDO","050550","SAN MIGUEL","RURAL","ZONA 3"
"000887","SAMBORONDON","","09","GUAYAS","0916","SAMBORONDON","091601","SAMBORONDON (URBANO)","URBANO","ZONA 8"
"000349","SAN BUENAVENTURA","","05","COTOPAXI","0501","LATACUNGA","050105","SAN BUENAVENTURA","URBANO","ZONA 3"
"001188","SAN CAMILO","","12","LOS RIOS","1205","QUEVEDO","120502","SAN CAMILO","URBANO","ZONA 5"
"000771","SAN FRANCISCO DE ASIS","","09","GUAYAS","0901","GUAYAQUIL","090104","FEBRES CORDERO","URBANO","ZONA 8"
"000679","SAN FRANCISCO DE ONZOLE","","08","ESMERALDAS","0802","ELOY ALFARO","080258","SAN FRANCISCO DE ONZOLE","RURAL","ZONA 1"
"001287","SAN ISIDRO","","13","MANABI","1314","SUCRE","131457","SAN ISIDRO","RURAL","ZONA 4"
"000542","SAN ISIDRO URBANO","","07","EL ORO","0702","ARENILLAS","070250","ARENILLAS","RURAL","ZONA 7"
"000772","SAN JOSE","","09","GUAYAS","0901","GUAYAQUIL","090104","FEBRES CORDERO","URBANO","ZONA 8"
"000271","SAN JUAN DE LACHAS [24H]","","04","CARCHI","0404","MIRA","040452","JIJON Y CAAMAÑO (CAB. EN RIO BLANCO)","RURAL","ZONA 1"
"001686","SAN MIGUEL DE LOS BANCOS","","17","PICHINCHA","1707","SAN MIGUEL DE LOS BANCOS","170750","SAN MIGUEL DE LOS BANCOS","RURAL","ZONA 2"
"001004","SAN PABLO","","10","IMBABURA","1004","OTAVALO","100457","SAN PABLO","RURAL","ZONA 1"
"001954","SAN VALENTIN","","21","SUCUMBIOS","2101","LAGO AGRIO","210150","NUEVA LOJA","RURAL","ZONA 1"
"001291","SAN VICENTE","","13","MANABI","1322","SAN VICENTE","132250","SAN VICENTE","RURAL","ZONA 4"
"002105","SANTA ELENA","","24","SANTA ELENA","2401","SANTA ELENA","240102","SANTA ELENA (URBANO)","URBANO","ZONA 5"
"002051","SANTA MARTHA","","23","SANTO DOMINGO DE LOS TSACHILAS","2301","SANTO DOMINGO","230105","RIO VERDE","URBANO","ZONA 4"
"000377","SANTA ROSA","","06","CHIMBORAZO","0601","RIOBAMBA","060101","LIZARZABURU","URBANO","ZONA 3"
"001881","SANTA ROSA","","18","TUNGURAHUA","1801","AMBATO","180165","SANTA ROSA","RURAL","ZONA 3"
"000766","SANTIAGO DE GUAYAQUIL","","09","GUAYAS","0901","GUAYAQUIL","090104","FEBRES CORDERO","URBANO","ZONA 8"
"000122","SIMIATUG","","02","BOLIVAR","0201","GUARANDA","020159","SIMIATUG","RURAL","ZONA 5"
"000818","SIMON BOLIVAR","","09","GUAYAS","0922","SIMON BOLIVAR","092250","SIMON BOLIVAR","RURAL","ZONA 5"
"000023","SININCAY","","01","AZUAY","0101","CUENCA","010167","SININCAY","RURAL","ZONA 6"
"001969","TARAPOA","","21","SUCUMBIOS","2107","CUYABENO","210750","TARAPOA","RURAL","ZONA 1"
"000037","TARQUI","","01","AZUAY","0101","CUENCA","010168","TARQUI","RURAL","ZONA 6"
"001829","TISALEO","","18","TUNGURAHUA","1809","TISALEO","180950","TISALEO","RURAL","ZONA 3"
"000008","TOTORACOCHA","","01","AZUAY","0101","CUENCA","010113","TOTORACOCHA","URBANO","ZONA 6"
"001706","TUMBACO","","17","PICHINCHA","1701","DISTRITO METROPOLITANO DE QUITO","170184","TUMBACO","RURAL","ZONA 9"
"000019","UNCOVIA","","01","AZUAY","0101","CUENCA","010115","HERMANO MIGUEL","URBANO","ZONA 6"
"000660","UNION DE QUININDE","","08","ESMERALDAS","0804","QUININDE","080455","LA UNION","RURAL","ZONA 1"
"002733","URBIRIOS","","13","MANABI","1308","MANTA","130804","TARQUI","URBANO","ZONA 4"
"001196","VALENCIA","","12","LOS RIOS","1211","VALENCIA","121101","VALENCIA (URBANO)","URBANO","ZONA 5"
"000502","VENEZUELA","","07","EL ORO","0701","MACHALA","070150","MACHALA (RURAL)","RURAL","ZONA 7"
"001184","VENUS DEL RIO","","12","LOS RIOS","1205","QUEVEDO","120509","VENUS DEL RIO QUEVEDO","URBANO","ZONA 5"
"000035","VIRGEN DEL MILAGRO","","01","AZUAY","0101","CUENCA","010111","SAN SEBASTIAN","URBANO","ZONA 6"
"001222","ZAPOTAL VIEJO (C. JUMENEZ B)","","12","LOS RIOS","1207","VENTANAS","120752","ZAPOTAL","RURAL","ZONA 5"
"001137","ZAPOTILLO [24H]","","11","LOJA","1113","ZAPOTILLO","111350","ZAPOTILLO","RURAL","ZONA 7"
"004960","ZUMBAHUA","","05","COTOPAXI","0504","PUJILI","050458","ZUMBAHUA","RURAL","ZONA 3"
"001258","ANDRES DE VERA [24H]","","13","MANABI","1301","PORTOVIEJO","130106","ANDRES VERA","URBANO","ZONA 4"
"002061","AREA DE SALUD N 22 ""LOS ROSALES""","","23","SANTO DOMINGO DE LOS TSACHILAS","2301","SANTO DOMINGO","230102","BOMBOLI","URBANO","ZONA 4"
"002057","AUGUSTO EGAS","","23","SANTO DOMINGO DE LOS TSACHILAS","2301","SANTO DOMINGO","230106","SANTO DOMINGO DE LOS COLORADOS (URBANO)","URBANO","ZONA 4"
"000498","BRISAS DEL MAR [24H]","","07","EL ORO","0701","MACHALA","070150","MACHALA (RURAL)","RURAL","ZONA 7"
"001192","BUENA FE","","12","LOS RIOS","1210","BUENA FE","121001","SAN JACINTO DE BUENA FE (URBANO)","URBANO","ZONA 5"
"001021","CATAMAYO [24H]","","11","LOJA","1103","CATAMAYO","110301","CATAMAYO","URBANO","ZONA 7"
"021327","CENTRO DE SALUD  TIPO C LAS PALMAS","","08","ESMERALDAS","0801","ESMERALDAS","080104","LUIS TELLO (LAS PALMAS)","URBANO","ZONA 1"
"000139","CENTRO DE SALUD CALUMA","","02","BOLIVAR","0206","CALUMA","020650","CALUMA","RURAL","ZONA 5"
"000761","CENTRO DE SALUD CISNE II","","09","GUAYAS","0901","GUAYAQUIL","090104","FEBRES CORDERO","URBANO","ZONA 8"
"000117","CENTRO DE SALUD ECHEANDIA","","02","BOLIVAR","0204","ECHEANDIA","020450","ECHEANDIA","RURAL","ZONA 5"
"000309","CENTRO DE SALUD LA MANA","","05","COTOPAXI","0502","LA MANA","050203","EL TRIUNFO","URBANO","ZONA 3"
"002800","CENTRO DE SALUD MATERNO INFANTIL SANTA LUCIA","","09","GUAYAS","0918","SANTA LUCIA","091850","SANTA LUCIA","RURAL","ZONA 5"
"002817","CENTRO DE SALUD MATERNO INFANTIL VENUS DE VALDIVIA","","24","SANTA ELENA","2402","LA LIBERTAD","240250","LA LIBERTAD","RURAL","ZONA 5"
"000033","CENTRO DE SALUD N. 4","","01","AZUAY","0101","CUENCA","010114","YANUNCAY","URBANO","ZONA 6"
"001874","CENTRO DE SALUD Nº 2","","18","TUNGURAHUA","1801","AMBATO","180102","CELIANO MONGE","URBANO","ZONA 3"
"001840","CENTRO DE SALUD QUERO","","18","TUNGURAHUA","1806","QUERO","180650","QUERO","RURAL","ZONA 3"
"020871","CENTRO DE SALUD SAN RAFAEL","","08","ESMERALDAS","0801","ESMERALDAS","080105","SIMON PLATA TORRES","URBANO","ZONA 1"
"000315","CENTRO DE SALUD SAQUISILI","","05","COTOPAXI","0506","SAQUISILI","050650","SAQUISILI","RURAL","ZONA 3"
"000165","CENTRO DE SALUD TIPO C ""DR. VICTOR MIGUEL CRESPO OCHOA""","","03","CAÑAR","0301","AZOGUES","030102","AZOGUES","URBANO","ZONA 6"
"001246","CENTRO DE SALUD TIPO C DR. ARNALDO CALDERON COELLO","","13","MANABI","1315","TOSAGUA","131550","TOSAGUA","RURAL","ZONA 4"
"048775","CENTRO DE SALUD TIPO C LA TRONCAL","","03","CAÑAR","0304","LA TRONCAL","030450","LA TRONCAL","RURAL","ZONA 6"
"047180","CENTRO DE SALUD TIPO C MUISNE CONTINENTAL","","08","ESMERALDAS","0803","MUISNE","080350","MUISNE","RURAL","ZONA 1"
"056390","CENTRO DE SALUD TIPO C SAN FRANCISCO DE TENGUEL","","09","GUAYAS","0901","GUAYAQUIL","090158","TENGUEL","RURAL","ZONA 8"
"000495","CENTRO DE SALUD TIPO C VELASCO IBARRA","","07","EL ORO","0701","MACHALA","070150","MACHALA (RURAL)","RURAL","ZONA 7"
"001606","CENTRO HISTORICO","","17","PICHINCHA","1701","DISTRITO METROPOLITANO DE QUITO","170103","CENTRO HISTORICO","URBANO","ZONA 9"
"001624","CHIMBACALLE","","17","PICHINCHA","1701","DISTRITO METROPOLITANO DE QUITO","170109","CHIMBACALLE","URBANO","ZONA 9"
"001248","CHONE","","13","MANABI","1303","CHONE","130301","CHONE (URBANO)","URBANO","ZONA 4"
"047843","CIUDAD VICTORIA","","09","GUAYAS","0901","GUAYAQUIL","090112","TARQUI","URBANO","ZONA 8"
"001670","COMITE DEL PUEBLO","","17","PICHINCHA","1701","DISTRITO METROPOLITANO DE QUITO","170105","COMITE DEL PUEBLO","URBANO","ZONA 9"
"001769","CONOCOTO","","17","PICHINCHA","1701","DISTRITO METROPOLITANO DE QUITO","170156","CONOCOTO","RURAL","ZONA 9"
"000493","EL PARAISO","","07","EL ORO","0701","MACHALA","070150","MACHALA (RURAL)","RURAL","ZONA 7"
"000850","EL RECREO II","","09","GUAYAS","0907","DURAN","090702","EL RECREO","URBANO","ZONA 8"
"001735","GUAMANI","","17","PICHINCHA","1701","DISTRITO METROPOLITANO DE QUITO","170132","TURUBAMBA","URBANO","ZONA 9"
"001791","HOSPITAL BASICO NANEGALITO","","17","PICHINCHA","1701","DISTRITO METROPOLITANO DE QUITO","170169","NANEGALITO","RURAL","ZONA 9"
"001250","JAMA","","13","MANABI","1320","JAMA","132050","JAMA","RURAL","ZONA 4"
"002012","JOYA DE LOS SACHAS","","22","ORELLANA","2203","LA JOYA DE LOS SACHAS","220350","LA JOYA DE LOS SACHAS","RURAL","ZONA 2"
"002742","LA CONCORDIA","","23","SANTO DOMINGO DE LOS TSACHILAS","2302","LA CONCORDIA","230250","LA CONCORDIA","RURAL","ZONA 4"
"000320","LASSO","","05","COTOPAXI","0501","LATACUNGA","050161","TANICUCHI","RURAL","ZONA 3"
"000347","LATACUNGA","","05","COTOPAXI","0501","LATACUNGA","050102","IGNACIO FLORES","URBANO","ZONA 3"
"020935","LIZARZABURU","","06","CHIMBORAZO","0601","RIOBAMBA","060101","LIZARZABURU","URBANO","ZONA 3"
"001251","MANTA","","13","MANABI","1308","MANTA","130802","MANTA (URBANO)","URBANO","ZONA 4"
"000843","MATERNO INFANTIL ALFONSO ORAMAS [24H]","","09","GUAYAS","0907","DURAN","090703","DIVINO NIÑO","URBANO","ZONA 8"
"000812","MATERNO INFANTIL BASTION POPULAR [24H]","","09","GUAYAS","0901","GUAYAQUIL","090115","PASCUALES","URBANO","ZONA 8"
"001245","MATERNO INFANTIL CARLOS MORALES LOCKE","","13","MANABI","1307","JUNIN","130750","JUNIN","RURAL","ZONA 4"
"000805","MATERNO INFANTIL FRANCISCO JACOME [24H]","","09","GUAYAS","0901","GUAYAQUIL","090101","AYACUCHO","URBANO","ZONA 8"
"000871","MATERNO INFANTIL PEDRO CARBO [24H]","","09","GUAYAS","0914","PEDRO CARBO","091450","PEDRO CARBO","RURAL","ZONA 5"
"000789","MATERNO MARTHA DE ROLDOS - 24 HD","","09","GUAYAS","0901","GUAYAQUIL","090112","TARQUI","URBANO","ZONA 8"
"001174","MONTALVO","","12","LOS RIOS","1203","MONTALVO","120350","MONTALVO","RURAL","ZONA 5"
"000083","NABON","","01","AZUAY","0104","NABON","010450","NABON","RURAL","ZONA 6"
"000091","PONCE ENRIQUEZ","","01","AZUAY","0115","CAMILO PONCE ENRIQUEZ","011550","CAMILO PONCE ENRIQUEZ","RURAL","ZONA 6"
"002789","POSORJA","","09","GUAYAS","0901","GUAYAQUIL","090156","POSORJA","RURAL","ZONA 8"
"001255","PUERTO LOPEZ","","13","MANABI","1319","PUERTO LOPEZ","131950","PUERTO LOPEZ","RURAL","ZONA 4"
"001688","PUERTO QUITO","","17","PICHINCHA","1709","PUERTO QUITO","170950","PUERTO QUITO","RURAL","ZONA 2"
"002885","PUERTO VILLAMIL","","20","GALAPAGOS","2002","ISABELA","200250","PUERTO VILLAMIL","RURAL","ZONA 5"
"000630","RIO VERDE","","08","ESMERALDAS","0807","RIOVERDE","080750","RIOVERDE","RURAL","ZONA 1"
"001669","SAN ANTONIO DE PICHINCHA","","17","PICHINCHA","1701","DISTRITO METROPOLITANO DE QUITO","170180","SAN ANTONIO","RURAL","ZONA 9"
"003472","SAN LORENZO","","08","ESMERALDAS","0805","SAN LORENZO","080550","SAN LORENZO","RURAL","ZONA 1"
"001262","SANTA ANA [24H]","","13","MANABI","1313","SANTA ANA","131301","SANTA ANA","URBANO","ZONA 4"
"001699","TABACUNDO","","17","PICHINCHA","1704","PEDRO MONCAYO","170450","TABACUNDO","RURAL","ZONA 2"
"051310","CONSULTORIO MEDICINA OCUPACIONAL","","05","COTOPAXI","0506","SAQUISILI","050650","SAQUISILI","RURAL","ZONA 3"
"054516","CONSULTORIO MEDICO OCUPACIONAL","","01","AZUAY","0101","CUENCA","010102","CAÑARIBAMBA","URBANO","ZONA 6"
"048357","CONSULTORIO MéDICO OCUPACIONAL DE LA DIRECCIóN DISTRITAL 16D01 PASTAZA – MERA - SANTA CLARA – SALUD","","16","PASTAZA","1601","PASTAZA","160150","PUYO","RURAL","ZONA 3"
"049261","COORDINACION ZONAL 3 - SALUD","","06","CHIMBORAZO","0601","RIOBAMBA","060104","VELOZ","URBANO","ZONA 3"
"044064","COORDINACION ZONAL 9 SALUD","","17","PICHINCHA","1701","DISTRITO METROPOLITANO DE QUITO","170123","MARISCAL SUCRE","URBANO","ZONA 9"
"050891","COORDINACIÓN ZONAL 6- SALUD","","01","AZUAY","0101","CUENCA","010107","HUAYNA CAPAC","URBANO","ZONA 6"
"067988","DIRECCION DISTRITAL 18D02 - PARROQUIAS URBANAS: (CELIANO MONGE A PISHILATA) Y PARROQUIAS RURALES: (HUACHI GRANDE A TOTORAS) - SALUD","","18","TUNGURAHUA","1801","AMBATO","180107","LA MATRIZ","URBANO","ZONA 3"
"002977","MINISTERIO DE SALUD PUBLICA","","17","PICHINCHA","1701","DISTRITO METROPOLITANO DE QUITO","170126","QUITUMBE","URBANO","ZONA 9"
"086129","DIRECCION DISTRITAL 18D02 - PARROQUIAS URBANAS: (CELIANO MONGE A PISHILATA) Y PARROQUIAS RURALES: (HUACHI GRANDE A TOTORAS) - SALUD","","18","TUNGURAHUA","1801","AMBATO","180107","LA MATRIZ","URBANO","ZONA 3"
"002017","10 DE AGOSTO","","22","ORELLANA","2203","LA JOYA DE LOS SACHAS","220358","UNION MILAGREÑA","RURAL","ZONA 2"
"001990","10 DE AGOSTO","","21","SUCUMBIOS","2101","LAGO AGRIO","210160","10 DE AGOSTO","RURAL","ZONA 1"
"002819","16 DE AGOSTO","","14","MORONA SANTIAGO","1404","PALORA","140455","16 DE AGOSTO","RURAL","ZONA 6"
"001983","18 DE NOVIEMBRE","","21","SUCUMBIOS","2104","SHUSHUFINDI","210451","LIMONCOCHA","RURAL","ZONA 1"
"002722","29 DE SEPTIEMBRE","","17","PICHINCHA","1709","PUERTO QUITO","170950","PUERTO QUITO","RURAL","ZONA 2"
"002009","3 DE NOVIEMBRE","","22","ORELLANA","2203","LA JOYA DE LOS SACHAS","220357","TRES DE NOVIEMBRE","RURAL","ZONA 2"
"002924","5 DE JUNIO","","24","SANTA ELENA","2402","LA LIBERTAD","240250","LA LIBERTAD","RURAL","ZONA 5"
"000662","ACHICUBE ARRIBA","","08","ESMERALDAS","0804","QUININDE","080451","CUBE","RURAL","ZONA 1"
"002775","AEROPUERTO","","21","SUCUMBIOS","2101","LAGO AGRIO","210150","NUEVA LOJA","RURAL","ZONA 1"
"002908","AGUAS FRIAS","","12","LOS RIOS","1212","MOCACHE","121250","MOCACHE","RURAL","ZONA 5"
"001029","ALGARROBILLO","","11","LOJA","1104","CELICA","110457","TENIENTE MAXIMILIANO RODRIGUEZ LOAIZA","RURAL","ZONA 7"
"001583","AMAZONAS","","16","PASTAZA","1602","MERA","160251","MADRE TIERRA","RURAL","ZONA 3"
"001595","AMUNTAY (CAPAWI)","","16","PASTAZA","1601","PASTAZA","160156","MONTALVO (ANDOAS)","RURAL","ZONA 3"
"001852","ANDAHUALO","","18","TUNGURAHUA","1808","SANTIAGO DE PILLARO","180855","SAN ANDRES","RURAL","ZONA 3"
"001479","ARAPICOS","","14","MORONA SANTIAGO","1404","PALORA","140451","ARAPICOS","RURAL","ZONA 6"
"000569","ARCAPAMBA","","07","EL ORO","0713","ZARUMA","071352","ARCAPAMBA","RURAL","ZONA 7"
"000531","ARCHIPIELAGO DE JAMBELI","","07","EL ORO","0712","SANTA ROSA","071252","JAMBELI","RURAL","ZONA 7"
"001858","ARTEZON","","18","TUNGURAHUA","1807","SAN PEDRO DE PELILEO","180750","PELILEO (RURAL)","RURAL","ZONA 3"
"000512","ASERRIO","","07","EL ORO","0709","PASAJE","070951","BUENAVISTA","RURAL","ZONA 7"
"002811","ATAHUALPA","","15","NAPO","1501","TENA","150156","PUERTO NAPO","RURAL","ZONA 2"
"000676","ATAHUALPA","","08","ESMERALDAS","0802","ELOY ALFARO","080252","ATAHUALPA (CAB. EN CAMARONES)","RURAL","ZONA 1"
"002761","AYAMPE","","13","MANABI","1319","PUERTO LOPEZ","131952","SALANGO","RURAL","ZONA 4"
"002750","BABER","","11","LOJA","1111","SARAGURO","111159","URDANETA (PAQUISHAPA)","RURAL","ZONA 7"
"002996","BABOSO","","04","CARCHI","0401","TULCAN","040156","TOBAR DONOSO (LA BOCANA DE CAMUMBI)","RURAL","ZONA 1"
"000461","BALSAYAN","","06","CHIMBORAZO","0607","GUANO","060754","SAN ANDRES","RURAL","ZONA 3"
"000387","BASHALAN","","06","CHIMBORAZO","0601","RIOBAMBA","060158","PUNIN","RURAL","ZONA 3"
"001941","BELLAVISTA","","19","ZAMORA CHINCHIPE","1909","PAQUISHA","190951","BELLAVISTA","RURAL","ZONA 7"
"001734","BELLAVISTA","","17","PICHINCHA","1701","DISTRITO METROPOLITANO DE QUITO","170161","GUALEA","RURAL","ZONA 9"
"002731","BELLAVISTA","","13","MANABI","1301","PORTOVIEJO","130106","ANDRES VERA","URBANO","ZONA 4"
"000149","BOLA DE ORO","","02","BOLIVAR","0202","CHILLANES","020250","CHILLANES","RURAL","ZONA 5"
"000169","BOLIVIA","","03","CAÑAR","0301","AZOGUES","030102","AZOGUES","URBANO","ZONA 6"
"001033","BUENA VISTA","","11","LOJA","1105","CHAGUARPAMBA","110551","BUENAVISTA","RURAL","ZONA 7"
"002757","BUENOS AIRES","","17","PICHINCHA","1709","PUERTO QUITO","170950","PUERTO QUITO","RURAL","ZONA 2"
"000176","BUILL CHACAPAMBA","","03","CAÑAR","0301","AZOGUES","030153","GUAPAN","RURAL","ZONA 6"
"000382","CACHA CHUYUG","","06","CHIMBORAZO","0601","RIOBAMBA","060151","CACHA (CAB. EN MACHANGARA)","RURAL","ZONA 3"
"000384","CACHA GUAGSHI","","06","CHIMBORAZO","0601","RIOBAMBA","060151","CACHA (CAB. EN MACHANGARA)","RURAL","ZONA 3"
"000367","CACHA MACHANGARA","","06","CHIMBORAZO","0601","RIOBAMBA","060151","CACHA (CAB. EN MACHANGARA)","RURAL","ZONA 3"
"000199","CAGUANAPAMBA","","03","CAÑAR","0305","EL TAMBO","030550","EL TAMBO","RURAL","ZONA 6"
"001158","CAMPO ALEGRE","","12","LOS RIOS","1202","BABA","120251","GUARE","RURAL","ZONA 5"
"002836","CAMPO ALEGRE","","09","GUAYAS","0901","GUAYAQUIL","090157","PUNA","RURAL","ZONA 8"
"000449","CANDELARIA","","06","CHIMBORAZO","0609","PENIPE","060955","LA CANDELARIA","RURAL","ZONA 3"
"001054","CANGONAMA","","11","LOJA","1109","PALTAS","110951","CANGONAMA","RURAL","ZONA 7"
"000407","CANI","","06","CHIMBORAZO","0603","COLTA","060351","CAÑI","RURAL","ZONA 3"
"000195","CAPILLA","","03","CAÑAR","0303","CAÑAR","030350","CAÑAR","RURAL","ZONA 6"
"000639","CAPULI","","08","ESMERALDAS","0807","RIOVERDE","080752","CHUMUNDE","RURAL","ZONA 1"
"000237","CAPULI","","04","CARCHI","0405","MONTUFAR","040502","SAN JOSE","URBANO","ZONA 1"
"002736","CARIGAN","","11","LOJA","1101","LOJA","110105","CARIGAN","URBANO","ZONA 7"
"002807","CASA DEL DIABETICO","","15","NAPO","1501","TENA","150150","TENA","RURAL","ZONA 2"
"001055","CASANGA","","11","LOJA","1109","PALTAS","110958","CASANGA","RURAL","ZONA 7"
"020959","CASCAJO","","20","GALAPAGOS","2003","SANTA CRUZ","200353","BELLA VISTA","RURAL","ZONA 5"
"000420","CASTUG TUNGURAHUILLA","","06","CHIMBORAZO","0603","COLTA","060354","SANTIAGO DE QUITO (CAB. EN SAN ANTONIO DE QUITO)","RURAL","ZONA 3"
"001374","CAÑALES","","13","MANABI","1301","PORTOVIEJO","130157","CHIRIJOS","RURAL","ZONA 4"
"000543","CAÑAS","","07","EL ORO","0702","ARENILLAS","070250","ARENILLAS","RURAL","ZONA 7"
"001130","CAÑICAPAC","","11","LOJA","1111","SARAGURO","111156","SAN PABLO DE TENTA","RURAL","ZONA 7"
"000413","CEBOLLAR ALTO","","06","CHIMBORAZO","0603","COLTA","060302","SICALPA","URBANO","ZONA 3"
"000907","CERRITO DE LOS MORREÑOS","","09","GUAYAS","0901","GUAYAQUIL","090157","PUNA","RURAL","ZONA 8"
"001062","CERRO DE MILAGRO","","11","LOJA","1114","PINDAL","111453","MILAGROS","RURAL","ZONA 7"
"000256","CHABAYAN","","04","CARCHI","0403","ESPEJO","040302","27 DE SEPTIEMBRE","URBANO","ZONA 1"
"000974","CHALGUAYACO","","10","IMBABURA","1005","PIMAMPIRO","100550","PIMAMPIRO","RURAL","ZONA 1"
"000955","CHALGUAYACU","","10","IMBABURA","1003","COTACACHI","100352","GARCIA MORENO (LLURIMAGUA)","RURAL","ZONA 1"
"001577","CHAPINTZA","","16","PASTAZA","1601","PASTAZA","160162","SIMON BOLIVAR (CAB. EN MUSHULLACTA)","RURAL","ZONA 3"
"001929","CHAPINTZA","","19","ZAMORA CHINCHIPE","1904","YACUAMBI","190451","LA PAZ","RURAL","ZONA 7"
"001064","CHAQUINAL","","11","LOJA","1114","PINDAL","111451","CHAQUINAL","RURAL","ZONA 7"
"001599","CHARAPACOCHA","","16","PASTAZA","1601","PASTAZA","160156","MONTALVO (ANDOAS)","RURAL","ZONA 3"
"000205","CHARCAY","","03","CAÑAR","0303","CAÑAR","030357","JUNCAL","RURAL","ZONA 6"
"000370","CHARRON","","06","CHIMBORAZO","0605","CHUNCHI","060550","CHUNCHI","RURAL","ZONA 3"
"001853","CHAUPILOMA","","18","TUNGURAHUA","1808","SANTIAGO DE PILLARO","180855","SAN ANDRES","RURAL","ZONA 3"
"001758","CHAVEZPAMBA","","17","PICHINCHA","1701","DISTRITO METROPOLITANO DE QUITO","170158","CHAVEZPAMBA","RURAL","ZONA 9"
"000464","CHAZO","","06","CHIMBORAZO","0607","GUANO","060757","SAN JOSE DEL CHAZO","RURAL","ZONA 3"
"001585","CHICOCOPATAZA","","16","PASTAZA","1601","PASTAZA","160162","SIMON BOLIVAR (CAB. EN MUSHULLACTA)","RURAL","ZONA 3"
"001830","CHILCO LA ESPERANZA","","18","TUNGURAHUA","1809","TISALEO","180950","TISALEO","RURAL","ZONA 3"
"001942","CHINAPINTZA","","19","ZAMORA CHINCHIPE","1909","PAQUISHA","190952","NUEVO QUITO","RURAL","ZONA 7"
"000447","CHINGAZO","","06","CHIMBORAZO","0607","GUANO","060702","LA MATRIZ","URBANO","ZONA 3"
"001540","CHONTA LOMA","","15","NAPO","1504","EL CHACO","150450","EL CHACO","RURAL","ZONA 2"
"000995","CHONTAL","","10","IMBABURA","1003","COTACACHI","100352","GARCIA MORENO (LLURIMAGUA)","RURAL","ZONA 1"
"001570","CHONTOA","","16","PASTAZA","1601","PASTAZA","160152","CANELOS","RURAL","ZONA 3"
"001934","CHUCHUMBLETZA","","19","ZAMORA CHINCHIPE","1906","EL PANGUI","190651","EL GUISME","RURAL","ZONA 7"
"000975","CHUGA","","10","IMBABURA","1005","PIMAMPIRO","100551","CHUGA","RURAL","ZONA 1"
"000072","CHUMBLIN","","01","AZUAY","0107","SAN FERNANDO","010751","CHUMBLIN","RURAL","ZONA 6"
"000641","CHUNGUILLO","","08","ESMERALDAS","0807","RIOVERDE","080755","ROCAFUERTE","RURAL","ZONA 1"
"001481","CHUP","","14","MORONA SANTIAGO","1404","PALORA","140454","SANGAY (CAB EN NAYAMANACA)","RURAL","ZONA 6"
"000252","CHUTAN BAJO","","04","CARCHI","0405","MONTUFAR","040501","GONZALEZ SUAREZ","URBANO","ZONA 1"
"001068","CIANO","","11","LOJA","1110","PUYANGO","111051","CIANO","RURAL","ZONA 7"
"000207","CIMIENTOS","","03","CAÑAR","0303","CAÑAR","030351","CHONTAMARCA","RURAL","ZONA 6"
"001943","CISAM","","19","ZAMORA CHINCHIPE","1909","PAQUISHA","190952","NUEVO QUITO","RURAL","ZONA 7"
"000327","COCHAPAMBA","","05","COTOPAXI","0506","SAQUISILI","050653","COCHAPAMBA","RURAL","ZONA 3"
"000086","COCHAPATA","","01","AZUAY","0104","NABON","010451","COCHAPATA","RURAL","ZONA 6"
"001105","COMUNIDADES","","11","LOJA","1101","LOJA","110162","YANGANA (ARSENIO CASTILLO)","RURAL","ZONA 7"
"020911","CONGOMA","","23","SANTO DOMINGO DE LOS TSACHILAS","2301","SANTO DOMINGO","230153","LUZ DE AMERICA","RURAL","ZONA 4"
"001482","COPAL","","14","MORONA SANTIAGO","1405","SANTIAGO","140551","COPAL","RURAL","ZONA 6"
"000239","CORAZON DE MUNDO NUEVO","","04","CARCHI","0403","ESPEJO","040351","EL GOALTAL","RURAL","ZONA 1"
"001537","COSANGA","","15","NAPO","1507","QUIJOS","150751","COSANGA","RURAL","ZONA 2"
"000530","COSTA RICA","","07","EL ORO","0712","SANTA ROSA","071203","BALNEARIO JAMBELI (SATELITE)","URBANO","ZONA 7"
"000200","COYOCTOR","","03","CAÑAR","0305","EL TAMBO","030550","EL TAMBO","RURAL","ZONA 6"
"001031","CRUZPAMBA","","11","LOJA","1104","CELICA","110451","CRUZPAMBA (CAB EN CARLOS BUSTAMANTE)","RURAL","ZONA 7"
"001454","CUCHAENTSA","","14","MORONA SANTIAGO","1401","MORONA","140162","CUCHAENTZA","RURAL","ZONA 6"
"000192","CUCHUCUN","","03","CAÑAR","0303","CAÑAR","030350","CAÑAR","RURAL","ZONA 6"
"001480","CUMANDA","","14","MORONA SANTIAGO","1404","PALORA","140452","CUMANDA (CAB EN COLONIA AGRICOLA SEVILLA DEL ORO)","RURAL","ZONA 6"
"001460","CUMBANTSA","","14","MORONA SANTIAGO","1409","TAISHA","140952","MACUMA","RURAL","ZONA 6"
"001114","CUMBE (SAN ANTONIO)","","11","LOJA","1111","SARAGURO","111155","SAN ANTONIO DE QUMBE (CUMBE)","RURAL","ZONA 7"
"001078","CURICHANGA","","11","LOJA","1108","MACARA","110801","GENERAL ELOY ALFARO (SAN SEBASTIAN)","URBANO","ZONA 7"
"000226","CUTUGUAY","","03","CAÑAR","0303","CAÑAR","030362","VENTURA","RURAL","ZONA 6"
"001541","CUYUJA","","15","NAPO","1507","QUIJOS","150752","CUYUJA","RURAL","ZONA 2"
"000058","DUGDUG","","01","AZUAY","0105","PAUTE","010562","DUG DUG","RURAL","ZONA 6"
"001465","EL AGUACATE","","14","MORONA SANTIAGO","1402","GUALAQUIZA","140255","EL ROSARIO","RURAL","ZONA 6"
"000450","EL ALTAR","","06","CHIMBORAZO","0609","PENIPE","060951","EL ALTAR","RURAL","ZONA 3"
"001069","EL ARENAL","","11","LOJA","1110","PUYANGO","111052","EL ARENAL","RURAL","ZONA 7"
"001017","EL BATAN","","11","LOJA","1102","CALVAS","110251","COLAISACA","RURAL","ZONA 7"
"001546","EL BOMBON","","15","NAPO","1504","EL CHACO","150451","GONZALO DIAZ DE PINEDA (EL BOMBON)","RURAL","ZONA 2"
"001831","EL CALVARIO","","18","TUNGURAHUA","1809","TISALEO","180950","TISALEO","RURAL","ZONA 3"
"001902","EL CHORRO","","19","ZAMORA CHINCHIPE","1902","CHINCHIPE","190252","EL CHORRO","RURAL","ZONA 7"
"001991","EL CONDOR","","21","SUCUMBIOS","2101","LAGO AGRIO","210160","10 DE AGOSTO","RURAL","ZONA 1"
"001933","EL GUISMI","","19","ZAMORA CHINCHIPE","1906","EL PANGUI","190651","EL GUISME","RURAL","ZONA 7"
"001060","EL HUATO","","11","LOJA","1109","PALTAS","110950","CATACOCHA (RURAL)","RURAL","ZONA 7"
"001464","EL IDEAL","","14","MORONA SANTIAGO","1402","GUALAQUIZA","140258","EL IDEAL","RURAL","ZONA 6"
"002763","EL JOBO SAN VICENTE","","07","EL ORO","0702","ARENILLAS","070250","ARENILLAS","RURAL","ZONA 7"
"001936","EL LIMON","","19","ZAMORA CHINCHIPE","1901","ZAMORA","190102","ZAMORA","URBANO","ZONA 7"
"000549","EL PARAISO","","07","EL ORO","0714","LAS LAJAS","071452","EL PARAISO","RURAL","ZONA 7"
"001939","EL PINCHO","","19","ZAMORA CHINCHIPE","1905","YANTZAZA","190553","LOS ENCUENTROS","RURAL","ZONA 7"
"001937","EL PORVENIR DEL CARMEN","","19","ZAMORA CHINCHIPE","1908","PALANDA","190851","EL PORVENIR DEL CARMEN","RURAL","ZONA 7"
"000087","EL PROGRESO","","01","AZUAY","0104","NABON","010452","EL PROGRESO (CAB. EN ZHOTA)","RURAL","ZONA 6"
"000126","EL RAYO BAJO","","02","BOLIVAR","0201","GUARANDA","020103","GUANUJO","URBANO","ZONA 5"
"000270","EL ROSAL","","04","CARCHI","0404","MIRA","040451","CONCEPCION","RURAL","ZONA 1"
"001842","EL ROSAL","","18","TUNGURAHUA","1804","MOCHA","180450","MOCHA","RURAL","ZONA 3"
"001035","EL ROSARIO","","11","LOJA","1105","CHAGUARPAMBA","110552","EL ROSARIO","RURAL","ZONA 7"
"001461","EL ROSARIO","","14","MORONA SANTIAGO","1411","PABLO SEXTO","141150","PABLO SEXTO","RURAL","ZONA 6"
"000267","EL TAMBO","","04","CARCHI","0402","BOLIVAR","040251","GARCIA MORENO","RURAL","ZONA 1"
"001938","EL ZARZA  (JARDIN DEL CONDOR)","","19","ZAMORA CHINCHIPE","1905","YANTZAZA","190553","LOS ENCUENTROS","RURAL","ZONA 7"
"000258","ELOY ALFARO","","04","CARCHI","0403","ESPEJO","040352","LA LIBERTAD (ALIZO)","RURAL","ZONA 1"
"001849","EMILIO MARIA TERAN","","18","TUNGURAHUA","1808","SANTIAGO DE PILLARO","180852","EMILIO MARIA TERAN (RUMIPAMBA)","RURAL","ZONA 3"
"002780","FANCA","","13","MANABI","1314","SUCRE","131450","BAHIA DE CARAQUEZ (RURAL)","RURAL","ZONA 4"
"001975","FLOR DE LOS RIOS","","21","SUCUMBIOS","2104","SHUSHUFINDI","210450","SHUSHUFINDI","RURAL","ZONA 1"
"000520","GALAYACU","","07","EL ORO","0709","PASAJE","070954","PROGRESO","RURAL","ZONA 7"
"000197","GALLORUMI","","03","CAÑAR","0303","CAÑAR","030355","HONORATO VASQUEZ (TAMBO VIEJO)","RURAL","ZONA 6"
"001466","GANASHUMA","","14","MORONA SANTIAGO","1402","GUALAQUIZA","140251","AMAZONAS (ROSARIO DE CUYES)","RURAL","ZONA 6"
"001113","GANIL","","11","LOJA","1111","SARAGURO","111151","EL PARAISO DE CELEN","RURAL","ZONA 7"
"021087","GARENO","","15","NAPO","1501","TENA","150153","CHONTAPUNTA","RURAL","ZONA 2"
"001136","GARZA REAL","","11","LOJA","1113","ZAPOTILLO","111352","GARZAREAL","RURAL","ZONA 7"
"000411","GATAZO ZAMBRANO","","06","CHIMBORAZO","0603","COLTA","060301","CAJABAMBA","URBANO","ZONA 3"
"001119","GERA","","11","LOJA","1111","SARAGURO","111150","SARAGURO","RURAL","ZONA 7"
"001908","GERANIOS","","19","ZAMORA CHINCHIPE","1903","NANGARITZA","190351","ZURMI","RURAL","ZONA 7"
"001058","GUACHANAMA","","11","LOJA","1109","PALTAS","110952","GUACHANAMA","RURAL","ZONA 7"
"001917","GUAGUAYME ALTO","","19","ZAMORA CHINCHIPE","1901","ZAMORA","190152","GUADALUPE","RURAL","ZONA 7"
"001023","GUAIQUICHUMA","","11","LOJA","1103","CATAMAYO","110352","GUAYQUICHUMA","RURAL","ZONA 7"
"000388","GUALALAC","","06","CHIMBORAZO","0601","RIOBAMBA","060158","PUNIN","RURAL","ZONA 3"
"001103","GUALEL","","11","LOJA","1101","LOJA","110154","GUALEL","RURAL","ZONA 7"
"000394","GUANTUL CENTRAL GRANDE","","06","CHIMBORAZO","0601","RIOBAMBA","060154","FLORES","RURAL","ZONA 3"
"002995","GUARANI","","16","PASTAZA","1601","PASTAZA","160161","SARAYACU","RURAL","ZONA 3"
"000385","GUASLAN","","06","CHIMBORAZO","0601","RIOBAMBA","060158","PUNIN","RURAL","ZONA 3"
"000003","GULLANZHAPA","","01","AZUAY","0101","CUENCA","010168","TARQUI","RURAL","ZONA 6"
"001133","GURUDEL","","11","LOJA","1111","SARAGURO","111159","URDANETA (PAQUISHAPA)","RURAL","ZONA 7"
"000210","HIERBA BUENA","","03","CAÑAR","0303","CAÑAR","030353","GENERAL MORALES (SOCARTE)","RURAL","ZONA 6"
"001924","IMBANA","","19","ZAMORA CHINCHIPE","1901","ZAMORA","190153","IMBANA (LA VICTORIA DE IMBANA)","RURAL","ZONA 7"
"001503","IPIAK","","14","MORONA SANTIAGO","1409","TAISHA","140951","HUASAGA (CAB EN WAMPUIK)","RURAL","ZONA 6"
"000306","ISABEL MARIA","","05","COTOPAXI","0503","PANGUA","050351","MORASPUNGO","RURAL","ZONA 3"
"040512","ISLA SANTAY","","09","GUAYAS","0907","DURAN","090701","ELOY ALFARO (DURAN)","URBANO","ZONA 8"
"000214","JAVIN","","03","CAÑAR","0303","CAÑAR","030363","DUCUR","RURAL","ZONA 6"
"001916","JEMBUENTZA","","19","ZAMORA CHINCHIPE","1904","YACUAMBI","190451","LA PAZ","RURAL","ZONA 7"
"000719","JESUS DEL GRAN PODER","","01","AZUAY","0101","CUENCA","010157","MOLLETURO","RURAL","ZONA 6"
"020912","JULIO MORENO","","23","SANTO DOMINGO DE LOS TSACHILAS","2301","SANTO DOMINGO","230150","SANTO DOMINGO DE LOS COLORADOS (RURAL)","RURAL","ZONA 4"
"000204","JUNCAL","","03","CAÑAR","0303","CAÑAR","030357","JUNCAL","RURAL","ZONA 6"
"002991","JUYUKAMENTSA","","14","MORONA SANTIAGO","1409","TAISHA","140954","PUMPUENTSA","RURAL","ZONA 6"
"001437","KAANCHICO","","14","MORONA SANTIAGO","1412","TIWINTZA","141251","SAN JOSE DE MORONA","RURAL","ZONA 6"
"001508","KAPATINETZA","","14","MORONA SANTIAGO","1409","TAISHA","140953","TUUTINENTZA","RURAL","ZONA 6"
"037995","KAWIMENO","","22","ORELLANA","2202","AGUARICO","220252","CONONACO","RURAL","ZONA 2"
"001386","KM 90","","13","MANABI","1301","PORTOVIEJO","130156","SAN PLACIDO","RURAL","ZONA 4"
"001495","KUMPAS","","14","MORONA SANTIAGO","1406","SUCUA","140652","HUAMBI","RURAL","ZONA 6"
"001596","KURINTZA","","16","PASTAZA","1601","PASTAZA","160156","MONTALVO (ANDOAS)","RURAL","ZONA 3"
"001453","KUSUIMI","","14","MORONA SANTIAGO","1401","MORONA","140157","SEVILLA DON BOSCO","RURAL","ZONA 6"
"001129","LA  PAPAYA","","11","LOJA","1111","SARAGURO","111156","SAN PABLO DE TENTA","RURAL","ZONA 7"
"001946","LA CANELA","","19","ZAMORA CHINCHIPE","1908","PALANDA","190854","LA CANELA","RURAL","ZONA 7"
"001180","LA CONSTANCIA","","12","LOS RIOS","1203","MONTALVO","120350","MONTALVO","RURAL","ZONA 5"
"002735","LA DOLOROSA","","01","AZUAY","0105","PAUTE","010559","SAN CRISTOBAL (CARLOS ORDOÑEZ LAZO)","RURAL","ZONA 6"
"001928","LA ESPERANZA","","19","ZAMORA CHINCHIPE","1904","YACUAMBI","190452","TUTUPALI","RURAL","ZONA 7"
"001921","LA GUAYUZA","","19","ZAMORA CHINCHIPE","1902","CHINCHIPE","190250","ZUMBA","RURAL","ZONA 7"
"000458","LA JOSEFINA","","06","CHIMBORAZO","0607","GUANO","060756","SAN ISIDRO DE PATULU","RURAL","ZONA 3"
"000550","LA LIBERTAD","","07","EL ORO","0714","LAS LAJAS","071451","LA LIBERTAD","RURAL","ZONA 7"
"001930","LA PAZ","","19","ZAMORA CHINCHIPE","1904","YACUAMBI","190451","LA PAZ","RURAL","ZONA 7"
"002734","LA PAZ","","01","AZUAY","0104","NABON","010453","LAS NIEVES (CHAYA)","RURAL","ZONA 6"
"001935","LA PITUCA","","19","ZAMORA CHINCHIPE","1901","ZAMORA","190156","TIMBARA","RURAL","ZONA 7"
"000308","LA PLANCHA","","05","COTOPAXI","0503","PANGUA","050350","EL CORAZON","RURAL","ZONA 3"
"001467","LA PRADERA","","14","MORONA SANTIAGO","1402","GUALAQUIZA","140255","EL ROSARIO","RURAL","ZONA 6"
"003097","LA PRIMAVERA","","21","SUCUMBIOS","2104","SHUSHUFINDI","210450","SHUSHUFINDI","RURAL","ZONA 1"
"000275","LA PRIMAVERA","","04","CARCHI","0404","MIRA","040452","JIJON Y CAAMAÑO (CAB. EN RIO BLANCO)","RURAL","ZONA 1"
"001052","LA TINGUE","","11","LOJA","1116","OLMEDO","111651","LA TINGUE","RURAL","ZONA 7"
"000568","LA UNION DE TAMACADO","","07","EL ORO","0713","ZARUMA","071351","ABAÑIN","RURAL","ZONA 7"
"001049","LA VICTORIA","","11","LOJA","1108","MACARA","110852","LA VICTORIA","RURAL","ZONA 7"
"001178","LA VITALIA","","12","LOS RIOS","1203","MONTALVO","120350","MONTALVO","RURAL","ZONA 5"
"002011","LAGO SAN PEDRO","","22","ORELLANA","2203","LA JOYA DE LOS SACHAS","220355","LAGO SAN PEDRO","RURAL","ZONA 2"
"001059","LAS COCHAS","","11","LOJA","1109","PALTAS","110950","CATACOCHA (RURAL)","RURAL","ZONA 7"
"001135","LAS COCHAS","","11","LOJA","1111","SARAGURO","111160","SUMAYPAMBA","RURAL","ZONA 7"
"000269","LAS LAJAS","","04","CARCHI","0402","BOLIVAR","040251","GARCIA MORENO","RURAL","ZONA 1"
"000115","LAS MERCEDES","","02","BOLIVAR","0207","LAS NAVES","020702","LAS NAVES","URBANO","ZONA 5"
"000088","LAS NIEVES","","01","AZUAY","0104","NABON","010453","LAS NIEVES (CHAYA)","RURAL","ZONA 6"
"001547","LAS PALMAS","","15","NAPO","1504","EL CHACO","150454","SANTA ROSA","RURAL","ZONA 2"
"001733","LAS TOLAS","","17","PICHINCHA","1701","DISTRITO METROPOLITANO DE QUITO","170161","GUALEA","RURAL","ZONA 9"
"001127","LLACO","","11","LOJA","1111","SARAGURO","111156","SAN PABLO DE TENTA","RURAL","ZONA 7"
"001115","LLUZHAPA","","11","LOJA","1111","SARAGURO","111153","LLUZHAPA","RURAL","ZONA 7"
"002752","LOROCACHI","","16","PASTAZA","1601","PASTAZA","160159","RIO TIGRE","RURAL","ZONA 3"
"002782","LOS CARAS","","13","MANABI","1314","SUCRE","131402","LEONIDAS PLAZA GUTIERREZ","URBANO","ZONA 4"
"002728","LOS NARANJOS","","09","GUAYAS","0906","DAULE","090652","JUAN BAUTISTA AGUIRRE (LOS TINTOS)","RURAL","ZONA 5"
"000487","LOURDES","","07","EL ORO","0711","PORTOVELO","071150","PORTOVELO","RURAL","ZONA 7"
"000723","LUZ Y GUIA","","01","AZUAY","0101","CUENCA","010157","MOLLETURO","RURAL","ZONA 6"
"002787","LUZ Y VIDA","","21","SUCUMBIOS","2101","LAGO AGRIO","210158","SANTA CECILIA","RURAL","ZONA 1"
"001597","MACUZAR","","16","PASTAZA","1601","PASTAZA","160158","RIO CORRIENTES","RURAL","ZONA 3"
"001459","MAMAYAK","","14","MORONA SANTIAGO","1409","TAISHA","140952","MACUMA","RURAL","ZONA 6"
"000548","MANABI DE EL ORO","","07","EL ORO","0702","ARENILLAS","070254","PALMALES","RURAL","ZONA 7"
"002992","MANGAHUANTAG","","17","PICHINCHA","1701","DISTRITO METROPOLITANO DE QUITO","170179","PUEMBO","RURAL","ZONA 9"
"002744","MANGAHURQUILLO","","11","LOJA","1113","ZAPOTILLO","111355","BOLASPAMBA","RURAL","ZONA 7"
"000163","MANTA REAL","","01","AZUAY","0101","CUENCA","010157","MOLLETURO","RURAL","ZONA 6"
"000157","MATAPALO CERRITOS","","02","BOLIVAR","0202","CHILLANES","020250","CHILLANES","RURAL","ZONA 5"
"001125","MATER","","11","LOJA","1111","SARAGURO","111156","SAN PABLO DE TENTA","RURAL","ZONA 7"
"000467","MATUS","","06","CHIMBORAZO","0609","PENIPE","060952","MATUS","RURAL","ZONA 3"
"001067","MERCADILLO","","11","LOJA","1110","PUYANGO","111054","MERCADILLO","RURAL","ZONA 7"
"001083","MIRAFLORES","","11","LOJA","1113","ZAPOTILLO","111350","ZAPOTILLO","RURAL","ZONA 7"
"000606","MOMPICHE","","08","ESMERALDAS","0803","MUISNE","080351","BOLIVAR","RURAL","ZONA 1"
"000250","MONTE OLIVO","","04","CARCHI","0402","BOLIVAR","040253","MONTE OLIVO","RURAL","ZONA 1"
"002754","MORETECOCHA","","16","PASTAZA","1601","PASTAZA","160161","SARAYACU","RURAL","ZONA 3"
"002779","MUTINZA","","14","MORONA SANTIAGO","1401","MORONA","140157","SEVILLA DON BOSCO","RURAL","ZONA 6"
"000448","NABUZO","","06","CHIMBORAZO","0609","PENIPE","060950","PENIPE","RURAL","ZONA 3"
"001456","NAMAKIM","","14","MORONA SANTIAGO","1407","HUAMBOYA","140750","HUAMBOYA","RURAL","ZONA 6"
"001910","NAMBIJA","","19","ZAMORA CHINCHIPE","1901","ZAMORA","190158","SAN CARLOS DE LAS MINAS","RURAL","ZONA 7"
"000277","NARANJAL","","04","CARCHI","0404","MIRA","040451","CONCEPCION","RURAL","ZONA 1"
"000276","NARANJITO","","04","CARCHI","0404","MIRA","040451","CONCEPCION","RURAL","ZONA 1"
"001077","NUEVA FATIMA","","11","LOJA","1112","SOZORANGA","111251","NUEVA FATIMA","RURAL","ZONA 7"
"001977","NUEVA VIDA","","21","SUCUMBIOS","2104","SHUSHUFINDI","210453","SAN ROQUE (CAB. EN SAN VICENTE)","RURAL","ZONA 1"
"001906","NUEVO PARAISO","","19","ZAMORA CHINCHIPE","1903","NANGARITZA","190352","NUEVO PARAISO","RURAL","ZONA 7"
"001600","NUMBAIMI","","16","PASTAZA","1601","PASTAZA","160156","MONTALVO (ANDOAS)","RURAL","ZONA 3"
"001435","NUMPATKAIME","","14","MORONA SANTIAGO","1408","SAN JUAN BOSCO","140852","SAN CARLOS DE LIMON","RURAL","ZONA 6"
"001509","NUNKI NUNKA","","14","MORONA SANTIAGO","1409","TAISHA","140953","TUUTINENTZA","RURAL","ZONA 6"
"001118","ONACAPAC","","11","LOJA","1111","SARAGURO","111150","SARAGURO","RURAL","ZONA 7"
"001061","ORIANGA","","11","LOJA","1109","PALTAS","110956","ORIANGA","RURAL","ZONA 7"
"001538","OYACACHI","","15","NAPO","1504","EL CHACO","150453","OYACACHI","RURAL","ZONA 2"
"001912","PACHICUTZA","","19","ZAMORA CHINCHIPE","1906","EL PANGUI","190652","PACHICUTZA","RURAL","ZONA 7"
"000268","PALO BLANCO","","04","CARCHI","0404","MIRA","040451","CONCEPCION","RURAL","ZONA 1"
"000356","PALO QUEMADO","","05","COTOPAXI","0507","SIGCHOS","050754","PALO QUEMADO","RURAL","ZONA 3"
"000560","PALOSOLO","","07","EL ORO","0710","PIÑAS","071053","MOROMORO (CAB. EN EL VADO)","RURAL","ZONA 7"
"001003","PATAQUI","","10","IMBABURA","1004","OTAVALO","100454","PATAQUI","RURAL","ZONA 1"
"001957","PAÑACOCHA","","21","SUCUMBIOS","2104","SHUSHUFINDI","210452","PAÑACOCHA","RURAL","ZONA 1"
"001244","PECHICHAL","","13","MANABI","1310","PAJAN","131051","CAMPOZANO (LA PALMA DE PAJAN)","RURAL","ZONA 4"
"000698","PEDRO CARBO","","08","ESMERALDAS","0803","MUISNE","080352","DAULE","RURAL","ZONA 1"
"001075","PERPETUO SOCORRO","","11","LOJA","1112","SOZORANGA","111252","TACAMOROS","RURAL","ZONA 7"
"001489","PIANKAS","","14","MORONA SANTIAGO","1405","SANTIAGO","140553","PATUCA","RURAL","ZONA 6"
"001106","PICHIC","","11","LOJA","1101","LOJA","110157","SAN LUCAS","RURAL","ZONA 7"
"000562","PIEDRAS","","07","EL ORO","0710","PIÑAS","071054","PIEDRAS","RURAL","ZONA 7"
"001502","PINPINTS","","14","MORONA SANTIAGO","1409","TAISHA","140950","TAISHA","RURAL","ZONA 6"
"002809","PITACOCHA","","16","PASTAZA","1604","ARAJUNO","160450","ARAJUNO","RURAL","ZONA 3"
"000564","PIÑAS GRANDE","","07","EL ORO","0710","PIÑAS","071003","PIÑAS GRANDE","URBANO","ZONA 7"
"002114","PLAYA SECA","","03","CAÑAR","0304","LA TRONCAL","030450","LA TRONCAL","RURAL","ZONA 6"
"000993","PLAZA GUTIERREZ","","10","IMBABURA","1003","COTACACHI","100355","PLAZA GUTIERREZ (CALVARIO)","RURAL","ZONA 1"
"000886","POCITOS","","09","GUAYAS","0901","GUAYAQUIL","090153","MORRO","RURAL","ZONA 8"
"001582","POMONA","","16","PASTAZA","1601","PASTAZA","160157","POMONA","RURAL","ZONA 3"
"000703","PORTETE","","08","ESMERALDAS","0803","MUISNE","080351","BOLIVAR","RURAL","ZONA 1"
"001044","POTRERILLOS","","11","LOJA","1107","GONZANAMA","110753","NAMBACOLA","RURAL","ZONA 7"
"000640","PROGRESO","","08","ESMERALDAS","0807","RIOVERDE","080754","MONTALVO (CAB EN HORQUETA)","RURAL","ZONA 1"
"000383","PUCARA QUINCHE","","06","CHIMBORAZO","0601","RIOBAMBA","060151","CACHA (CAB. EN MACHANGARA)","RURAL","ZONA 3"
"000249","PUEBLO NUEVO","","04","CARCHI","0402","BOLIVAR","040253","MONTE OLIVO","RURAL","ZONA 1"
"000908","PUERTO LA CRUZ","","09","GUAYAS","0901","GUAYAQUIL","090157","PUNA","RURAL","ZONA 8"
"001972","PUERTO NUEVO","","21","SUCUMBIOS","2101","LAGO AGRIO","210156","PACAYACU","RURAL","ZONA 1"
"000910","PUERTO ROMA","","09","GUAYAS","0901","GUAYAQUIL","090157","PUNA","RURAL","ZONA 8"
"000905","PUERTO SALINAS","","09","GUAYAS","0901","GUAYAQUIL","090157","PUNA","RURAL","ZONA 8"
"001855","PUESTO DE SALUD DE TANGAICHE","","18","TUNGURAHUA","1801","AMBATO","180160","PICAIGUA","RURAL","ZONA 3"
"061056","PUESTO DE SALUD ITINERANTE KUSUTKA","","14","MORONA SANTIAGO","1409","TAISHA","140952","MACUMA","RURAL","ZONA 6"
"061058","PUESTO DE SALUD ITINERANTE SAAPAPENTSA","","14","MORONA SANTIAGO","1409","TAISHA","140954","PUMPUENTSA","RURAL","ZONA 6"
"061057","PUESTO DE SALUD ITINERANTE WACHIRPAS","","14","MORONA SANTIAGO","1409","TAISHA","140951","HUASAGA (CAB EN WAMPUIK)","RURAL","ZONA 6"
"061055","PUESTO DE SALUD ITINERANTE YUWINTS","","14","MORONA SANTIAGO","1409","TAISHA","140952","MACUMA","RURAL","ZONA 6"
"000138","PUESTO DE SALUD PITA","","02","BOLIVAR","0206","CALUMA","020650","CALUMA","RURAL","ZONA 5"
"064305","PUESTO DE SALUD SAN CARLOS DE LIMON","","14","MORONA SANTIAGO","1408","SAN JUAN BOSCO","140852","SAN CARLOS DE LIMON","RURAL","ZONA 6"
"001506","PUMPUENTSA","","14","MORONA SANTIAGO","1409","TAISHA","140954","PUMPUENTSA","RURAL","ZONA 6"
"000466","PUNGAL GRANDE","","06","CHIMBORAZO","0607","GUANO","060702","LA MATRIZ","URBANO","ZONA 3"
"001544","PUNI BOCANA","","15","NAPO","1501","TENA","150155","PUERTO MISAHUALLI","RURAL","ZONA 2"
"001473","PUPUNAS","","14","MORONA SANTIAGO","1403","LIMON INDANZA","140357","STA SUSANA DE CHIVIAZA (CAB EN CHIVIAZA)","RURAL","ZONA 6"
"000392","PURUHUAY SAN GERARDO","","06","CHIMBORAZO","0601","RIOBAMBA","060157","PUNGALA","RURAL","ZONA 3"
"000244","PUSIR GRANDE","","04","CARCHI","0402","BOLIVAR","040254","SAN VICENTE DE PUSIR","RURAL","ZONA 1"
"000124","QUINUACORRAL","","02","BOLIVAR","0201","GUARANDA","020103","GUANUJO","URBANO","ZONA 5"
"000085","RAÑAS","","01","AZUAY","0104","NABON","010450","NABON","RURAL","ZONA 6"
"001810","RIO BLANCO","","18","TUNGURAHUA","1802","BAÑOS DE AGUA SANTA","180254","ULBA","RURAL","ZONA 3"
"000273","RIO BLANCO","","04","CARCHI","0404","MIRA","040452","JIJON Y CAAMAÑO (CAB. EN RIO BLANCO)","RURAL","ZONA 1"
"000535","RIO NEGRO","","07","EL ORO","0712","SANTA ROSA","071256","VICTORIA","RURAL","ZONA 7"
"000272","RIO VERDE","","04","CARCHI","0404","MIRA","040452","JIJON Y CAAMAÑO (CAB. EN RIO BLANCO)","RURAL","ZONA 1"
"002015","RIVERAS DEL RIO NAPO","","22","ORELLANA","2203","LA JOYA DE LOS SACHAS","220352","POMPEYA","RURAL","ZONA 2"
"000521","ROSA DE ORO","","07","EL ORO","0709","PASAJE","070954","PROGRESO","RURAL","ZONA 7"
"000419","RUMICORRAL","","06","CHIMBORAZO","0603","COLTA","060352","COLUMBE","RURAL","ZONA 3"
"002008","RUMIPAMBA","","22","ORELLANA","2203","LA JOYA DE LOS SACHAS","220356","RUMIPAMBA","RURAL","ZONA 2"
"000119","SABANETILLAS","","02","BOLIVAR","0204","ECHEANDIA","020450","ECHEANDIA","RURAL","ZONA 5"
"000701","SALIMA","","08","ESMERALDAS","0803","MUISNE","080355","SALIMA","RURAL","ZONA 1"
"000529","SAN AGUSTIN","","07","EL ORO","0712","SANTA ROSA","071251","BELLAVISTA","RURAL","ZONA 7"
"001923","SAN ANDRES","","19","ZAMORA CHINCHIPE","1902","CHINCHIPE","190259","SAN ANDRES","RURAL","ZONA 7"
"001476","SAN ANTONIO","","14","MORONA SANTIAGO","1403","LIMON INDANZA","140353","SAN ANTONIO (CAB EN SAN ANTONIO CENTRO)","RURAL","ZONA 6"
"001919","SAN ANTONIO","","19","ZAMORA CHINCHIPE","1901","ZAMORA","190152","GUADALUPE","RURAL","ZONA 7"
"000043","SAN ANTONIO CHAUCHA","","01","AZUAY","0101","CUENCA","010153","CHAUCHA","RURAL","ZONA 6"
"000375","SAN ANTONIO DEL AEROPUERTO","","06","CHIMBORAZO","0601","RIOBAMBA","060103","VELASCO","URBANO","ZONA 3"
"000188","SAN CAMILO","","03","CAÑAR","0302","BIBLIAN","030250","BIBLIAN","RURAL","ZONA 6"
"000398","SAN FRANCISCO DE CHAMBO","","06","CHIMBORAZO","0604","CHAMBO","060450","CHAMBO","RURAL","ZONA 3"
"000307","SAN FRANCISCO DE PANGUA","","05","COTOPAXI","0503","PANGUA","050350","EL CORAZON","RURAL","ZONA 3"
"001586","SAN FRANCISCO DEL PUNI","","16","PASTAZA","1603","SANTA CLARA","160351","SAN JOSE","RURAL","ZONA 3"
"001904","SAN FRANCISCO DEL VERGEL","","19","ZAMORA CHINCHIPE","1908","PALANDA","190852","SAN FRANCISCO DEL VERGEL","RURAL","ZONA 7"
"000371","SAN ISIDRO","","06","CHIMBORAZO","0607","GUANO","060756","SAN ISIDRO DE PATULU","RURAL","ZONA 3"
"000553","SAN ISIDRO RURAL","","07","EL ORO","0714","LAS LAJAS","071453","SAN ISIDRO","RURAL","ZONA 7"
"000578","SAN JOSE","","07","EL ORO","0703","ATAHUALPA","070354","SAN JOSE","RURAL","ZONA 7"
"000527","SAN JOSE","","07","EL ORO","0712","SANTA ROSA","071251","BELLAVISTA","RURAL","ZONA 7"
"002036","SAN JOSE DE PAYAMINO","","22","ORELLANA","2204","LORETO","220453","SAN JOSE DE PAYAMINO","RURAL","ZONA 2"
"002993","SAN LUIS","","15","NAPO","1504","EL CHACO","150451","GONZALO DIAZ DE PINEDA (EL BOMBON)","RURAL","ZONA 2"
"001452","SAN LUIS DE IÑINKIS","","14","MORONA SANTIAGO","1401","MORONA","140157","SEVILLA DON BOSCO","RURAL","ZONA 6"
"000697","SAN MIGUEL DE BILSA","","08","ESMERALDAS","0803","MUISNE","080350","MUISNE","RURAL","ZONA 1"
"000433","SAN MIGUEL DE POMACHACA","","06","CHIMBORAZO","0606","GUAMOTE","060652","PALMIRA","RURAL","ZONA 3"
"000381","SAN MIGUEL DE QUERA","","06","CHIMBORAZO","0601","RIOBAMBA","060151","CACHA (CAB. EN MACHANGARA)","RURAL","ZONA 3"
"001337","SAN PABLO","","13","MANABI","1306","JIPIJAPA","130657","PEDRO PABLO GOMEZ","RURAL","ZONA 4"
"000460","SAN PABLO","","06","CHIMBORAZO","0607","GUANO","060754","SAN ANDRES","RURAL","ZONA 3"
"001980","SAN PABLO DE KANTESDEYA","","21","SUCUMBIOS","2104","SHUSHUFINDI","210453","SAN ROQUE (CAB. EN SAN VICENTE)","RURAL","ZONA 1"
"000290","SAN PEDRO ALTO","","04","CARCHI","0405","MONTUFAR","040555","PIARTAL","RURAL","ZONA 1"
"001995","SAN PEDRO DE LOS COFANES","","21","SUCUMBIOS","2104","SHUSHUFINDI","210454","SAN PEDRO DE LOS COFANES","RURAL","ZONA 1"
"001134","SAN SEBASTIAN DE YULUC","","11","LOJA","1111","SARAGURO","111157","SAN SEBASTIAN DE YULUC","RURAL","ZONA 7"
"001123","SAN VICENTE","","11","LOJA","1111","SARAGURO","111158","SELVA ALEGRE","RURAL","ZONA 7"
"000423","SAN VICENTE","","06","CHIMBORAZO","0610","CUMANDA","061050","CUMANDA","RURAL","ZONA 3"
"001898","SAN VICENTE DE CANEY","","19","ZAMORA CHINCHIPE","1905","YANTZAZA","190551","CHICAÑA","RURAL","ZONA 7"
"000637","SAN VICENTE DE RIO VERDE","","08","ESMERALDAS","0807","RIOVERDE","080750","RIOVERDE","RURAL","ZONA 1"
"000434","SAN VICENTE DE TIPIN","","06","CHIMBORAZO","0606","GUAMOTE","060652","PALMIRA","RURAL","ZONA 3"
"000432","SANACAHUAN ALTO","","06","CHIMBORAZO","0606","GUAMOTE","060650","GUAMOTE","RURAL","ZONA 3"
"000389","SANTA ANA DE GUAGNAG","","06","CHIMBORAZO","0601","RIOBAMBA","060156","LICTO","RURAL","ZONA 3"
"001925","SANTA ELENA","","19","ZAMORA CHINCHIPE","1903","NANGARITZA","190353","NANKAIS","RURAL","ZONA 7"
"000454","SANTA FE DE GALAN","","06","CHIMBORAZO","0607","GUANO","060758","SANTA FE DE GALAN","RURAL","ZONA 3"
"002889","SANTA ROSA","","20","GALAPAGOS","2003","SANTA CRUZ","200352","SANTA ROSA","RURAL","ZONA 5"
"001032","SANTA RUFINA","","11","LOJA","1105","CHAGUARPAMBA","110553","SANTA RUFINA","RURAL","ZONA 7"
"001475","SANTIAGO DE PANANZA","","14","MORONA SANTIAGO","1408","SAN JUAN BOSCO","140854","SANTIAGO DE PANANZA","RURAL","ZONA 6"
"001211","SANTO DOMINGO","","12","LOS RIOS","1206","URDANETA","120651","RICAURTE","RURAL","ZONA 5"
"002890","SANTO TOMAS","","20","GALAPAGOS","2002","ISABELA","200251","TOMAS DE BERLANGA (SANTO TOMAS)","RURAL","ZONA 5"
"000297","SARAHUASI","","05","COTOPAXI","0507","SIGCHOS","050751","CHUGCHILLAN","RURAL","ZONA 3"
"001545","SARDINAS 2","","15","NAPO","1504","EL CHACO","150455","SARDINAS","RURAL","ZONA 2"
"001522","SARDINAS DE JONDACHI","","15","NAPO","1503","ARCHIDONA","150352","COTUNDO","RURAL","ZONA 2"
"001433","SARENTZA","","14","MORONA SANTIAGO","1407","HUAMBOYA","140751","CHIGUAZA","RURAL","ZONA 6"
"001128","SAUCE","","11","LOJA","1111","SARAGURO","111156","SAN PABLO DE TENTA","RURAL","ZONA 7"
"001907","SHAIMI","","19","ZAMORA CHINCHIPE","1903","NANGARITZA","190351","ZURMI","RURAL","ZONA 7"
"001458","SHANKAIM","","14","MORONA SANTIAGO","1407","HUAMBOYA","140751","CHIGUAZA","RURAL","ZONA 6"
"001588","SHIGUACOCHA","","16","PASTAZA","1604","ARAJUNO","160450","ARAJUNO","RURAL","ZONA 3"
"001498","SHIMPIS","","14","MORONA SANTIAGO","1410","LOGROÑO","141052","SHIMPIS","RURAL","ZONA 6"
"001501","SHINKIATAN","","14","MORONA SANTIAGO","1409","TAISHA","140950","TAISHA","RURAL","ZONA 6"
"001955","SHUSHUFINDI PROYECTO (JIVINO VERDE)","","21","SUCUMBIOS","2104","SHUSHUFINDI","210454","SAN PEDRO DE LOS COFANES","RURAL","ZONA 1"
"000412","SICALPA VIEJO","","06","CHIMBORAZO","0603","COLTA","060302","SICALPA","URBANO","ZONA 3"
"000201","SIDSID","","03","CAÑAR","0303","CAÑAR","030356","INGAPIRCA","RURAL","ZONA 6"
"000209","SITINCAY","","03","CAÑAR","0303","CAÑAR","030353","GENERAL MORALES (SOCARTE)","RURAL","ZONA 6"
"002821","SITIO NUEVO","","09","GUAYAS","0901","GUAYAQUIL","090153","MORRO","RURAL","ZONA 8"
"000090","SUSUDEL","","01","AZUAY","0110","OÑA","011051","SUSUDEL","RURAL","ZONA 6"
"002871","TABLAS CHICO","","02","BOLIVAR","0201","GUARANDA","020153","JULIO E. MORENO (CATANAHUAN GRANDE)","RURAL","ZONA 5"
"000459","TATACTO","","06","CHIMBORAZO","0607","GUANO","060754","SAN ANDRES","RURAL","ZONA 3"
"001857","TELIGOTE","","18","TUNGURAHUA","1807","SAN PEDRO DE PELILEO","180750","PELILEO (RURAL)","RURAL","ZONA 3"
"001126","TENTA","","11","LOJA","1111","SARAGURO","111156","SAN PABLO DE TENTA","RURAL","ZONA 7"
"000024","TERMINAL TERRESTRE","","01","AZUAY","0101","CUENCA","010113","TOTORACOCHA","URBANO","ZONA 6"
"001979","TIERRAS ORIENTALES","","21","SUCUMBIOS","2104","SHUSHUFINDI","210453","SAN ROQUE (CAB. EN SAN VICENTE)","RURAL","ZONA 1"
"000025","TIXAN","","01","AZUAY","0101","CUENCA","010155","CHIQUINTAD","RURAL","ZONA 6"
"000065","TOMEBAMBA","","01","AZUAY","0105","PAUTE","010561","TOMEBAMBA","RURAL","ZONA 6"
"000522","TRES CERRITOS","","07","EL ORO","0709","PASAJE","070904","LOS TRES CERRITOS","URBANO","ZONA 7"
"002745","TRONCO QUEMADO","","11","LOJA","1113","ZAPOTILLO","111353","LIMONES","RURAL","ZONA 7"
"002820","TSUNKINTZA","","14","MORONA SANTIAGO","1409","TAISHA","140954","PUMPUENTSA","RURAL","ZONA 6"
"001507","TUKUPI","","14","MORONA SANTIAGO","1409","TAISHA","140953","TUUTINENTZA","RURAL","ZONA 6"
"000243","TUMBATU","","04","CARCHI","0402","BOLIVAR","040254","SAN VICENTE DE PUSIR","RURAL","ZONA 1"
"001455","TUNA- CHIWIAS","","14","MORONA SANTIAGO","1407","HUAMBOYA","140751","CHIGUAZA","RURAL","ZONA 6"
"001117","TUNCARTA","","11","LOJA","1111","SARAGURO","111150","SARAGURO","RURAL","ZONA 7"
"001914","TUNDAYME","","19","ZAMORA CHINCHIPE","1906","EL PANGUI","190653","TUNDAYME","RURAL","ZONA 7"
"001039","TUNDURAMA","","11","LOJA","1106","ESPINDOLA","110653","SANTA TERESITA","RURAL","ZONA 7"
"001132","TURUCACHI","","11","LOJA","1111","SARAGURO","111159","URDANETA (PAQUISHAPA)","RURAL","ZONA 7"
"001931","TUTUPALI","","19","ZAMORA CHINCHIPE","1904","YACUAMBI","190452","TUTUPALI","RURAL","ZONA 7"
"000368","TZALARON","","06","CHIMBORAZO","0601","RIOBAMBA","060158","PUNIN","RURAL","ZONA 3"
"000167","UCHUPUCUN","","03","CAÑAR","0301","AZOGUES","030102","AZOGUES","URBANO","ZONA 6"
"000148","UNDUSHI","","02","BOLIVAR","0202","CHILLANES","020250","CHILLANES","RURAL","ZONA 5"
"001019","USAIME","","11","LOJA","1102","CALVAS","110254","SANGUILLIN","RURAL","ZONA 7"
"001457","UUNT-CHIWIAS","","14","MORONA SANTIAGO","1407","HUAMBOYA","140751","CHIGUAZA","RURAL","ZONA 6"
"000523","UZHCURRUMI","","07","EL ORO","0709","PASAJE","070955","UZHCURRUMI","RURAL","ZONA 7"
"000994","VACAS GALINDO","","10","IMBABURA","1003","COTACACHI","100358","VACAS GALINDO (EL CHURO) (CAB. EN SAN MIGUEL ALTO)","RURAL","ZONA 1"
"000552","VALLE HERMOSO","","07","EL ORO","0714","LAS LAJAS","071403","VALLE HERMOSO","URBANO","ZONA 7"
"000525","VALLE HERMOSO","","07","EL ORO","0712","SANTA ROSA","071257","BELLAMARIA","RURAL","ZONA 7"
"001336","VARGAS TORRES","","13","MANABI","1306","JIPIJAPA","130651","AMERICA","RURAL","ZONA 4"
"002875","VELASCO IBARRA","","20","GALAPAGOS","2001","SAN CRISTOBAL","200152","ISLA SANTA MARÍA (FLOREANA) (CAB. EN  PTO. VELASCO IBARRA)","RURAL","ZONA 5"
"002922","VELASCO IBARRA","","24","SANTA ELENA","2402","LA LIBERTAD","240250","LA LIBERTAD","RURAL","ZONA 5"
"000638","VENADO","","08","ESMERALDAS","0807","RIOVERDE","080751","CHONTADURO","RURAL","ZONA 1"
"001584","VILLAFLORA","","16","PASTAZA","1601","PASTAZA","160162","SIMON BOLIVAR (CAB. EN MUSHULLACTA)","RURAL","ZONA 3"
"001474","WARINTZA","","14","MORONA SANTIAGO","1403","LIMON INDANZA","140353","SAN ANTONIO (CAB EN SAN ANTONIO CENTRO)","RURAL","ZONA 6"
"001505","WICHIMI","","14","MORONA SANTIAGO","1409","TAISHA","140954","PUMPUENTSA","RURAL","ZONA 6"
"001497","YAAPI","","14","MORONA SANTIAGO","1410","LOGROÑO","141051","YAUPI","RURAL","ZONA 6"
"001982","YAMANUNCA","","21","SUCUMBIOS","2104","SHUSHUFINDI","210451","LIMONCOCHA","RURAL","ZONA 1"
"001844","YANAYACU","","18","TUNGURAHUA","1806","QUERO","180652","YANAYACU - MOCHAPATA (CAB. EN YANAYACU)","RURAL","ZONA 3"
"000266","YASCON","","04","CARCHI","0402","BOLIVAR","040254","SAN VICENTE DE PUSIR","RURAL","ZONA 1"
"001496","YUKUTEIS","","14","MORONA SANTIAGO","1406","SUCUA","140650","SUCUA","RURAL","ZONA 6"
"001026","ZAMBI","","11","LOJA","1103","CATAMAYO","110354","ZAMBI","RURAL","ZONA 7"
"002790","ZANCUDOCOCHA","","22","ORELLANA","2202","AGUARICO","220255","YASUNI","RURAL","ZONA 2"
"000168","ZHAPACAL","","03","CAÑAR","0301","AZOGUES","030155","LUIS CORDERO","RURAL","ZONA 6"
"000084","ZHIÑA","","01","AZUAY","0104","NABON","010450","NABON","RURAL","ZONA 6"
"000220","ZHUCAY","","03","CAÑAR","0303","CAÑAR","030358","SAN ANTONIO","RURAL","ZONA 6"
"000002","ZHUCAY","","01","AZUAY","0101","CUENCA","010168","TARQUI","RURAL","ZONA 6"
"001909","ZURMI","","19","ZAMORA CHINCHIPE","1903","NANGARITZA","190351","ZURMI","RURAL","ZONA 7"
